building_id,damage_grade
765,2
9470,3
14461,2
9317,2
15941,3
4767,2
5117,2
4081,3
11259,2
5628,3
16051,2
18925,2
409,2
13530,3
10206,3
18347,3
15616,1
473,3
19430,2
8237,2
13064,2
7001,3
337,2
19578,2
8925,3
11868,2
15065,3
9145,3
15691,1
14111,1
895,2
7852,2
13318,3
9244,2
16027,2
463,3
10024,3
11951,2
8038,3
17325,3
8169,2
9240,2
13002,3
6289,2
15155,2
2597,2
7556,3
7224,3
8105,1
6552,3
11558,2
11874,2
3063,2
18692,2
12875,1
7023,2
9094,3
8317,2
1762,3
17719,2
17537,2
4872,2
19238,2
19733,3
13931,2
13749,2
14441,1
18899,1
13663,2
1410,2
9968,3
5710,3
6698,3
5199,2
12905,3
10867,3
9821,2
5776,2
19130,2
13222,2
6442,1
15132,2
11065,3
7445,3
4004,3
3304,2
15544,3
1515,2
5420,2
12675,2
15315,2
3092,3
18057,3
15794,3
17080,2
5526,1
12026,2
8179,3
7000,3
19754,2
17714,2
16930,3
11497,2
9838,3
11685,2
13666,3
6392,3
3668,3
5250,3
17603,3
6592,2
4463,1
11489,3
14815,2
19576,2
19259,2
10494,3
7631,1
3431,3
5751,3
11212,2
11714,2
3740,3
11468,2
3382,2
13067,2
3743,3
2959,2
16168,2
5989,2
17567,2
16513,2
2176,1
10775,1
17780,3
19338,2
13542,3
5485,3
17783,1
18384,2
2046,2
18112,2
8260,3
9182,2
16553,3
13871,2
8311,3
6984,3
7140,1
15636,2
8028,2
8741,2
10267,3
18625,2
14424,3
6328,2
238,2
6936,2
4221,3
6911,2
5477,3
16979,2
7912,3
3523,2
15477,3
10038,2
11699,3
19499,2
14577,3
1329,2
11410,2
18894,2
14473,3
14999,2
19380,3
6876,1
14595,3
13836,3
6323,3
11356,2
5020,2
1448,2
15472,2
4183,1
11733,3
2147,2
7588,2
19574,2
1024,2
11311,3
12475,2
15044,3
10866,3
14138,2
18797,2
16537,3
9711,1
4387,2
17335,2
1194,3
10711,3
10596,2
16166,2
16438,2
15505,1
11166,3
3090,2
12724,3
4609,3
399,3
18139,2
8183,2
19079,2
11826,3
3281,2
12200,2
10706,3
1435,1
9297,2
19609,1
4592,1
14590,2
7332,2
17917,2
10457,1
10183,2
4673,2
15391,2
10474,2
5491,2
7941,1
12145,2
8808,2
18417,3
13669,2
18533,3
676,2
2854,1
2756,2
1493,3
16662,2
16295,2
13788,3
1234,2
9636,1
17492,2
15910,2
19503,3
19390,3
1273,2
2971,2
3643,3
1975,3
2214,2
15455,2
8089,3
11555,1
3762,3
571,3
13610,2
18929,2
11598,1
11691,2
18411,3
17932,3
9707,2
12033,2
11864,2
18188,3
12480,2
19783,2
6464,2
14079,2
6231,1
16234,3
16026,2
19220,3
18529,2
18498,3
3872,2
3469,3
10014,2
10982,1
13000,3
19648,2
8039,2
6419,1
13562,1
14706,2
14584,3
8713,3
15935,3
17334,2
11811,3
15928,3
16115,2
1748,3
10241,2
2185,3
6624,2
13745,3
15482,3
2258,2
15869,2
16074,3
1185,2
5053,1
3924,2
18511,2
7068,2
5332,2
9989,3
8017,2
2505,3
4214,3
19765,3
19512,3
13617,1
6048,2
10833,2
16023,3
1572,2
383,2
19597,2
995,2
3200,2
9693,3
14809,2
2783,2
6051,2
2936,3
206,2
8740,3
11622,3
2642,1
17150,2
4825,2
12964,3
8448,2
9224,3
13673,2
18919,3
6184,2
13679,2
3657,2
3886,3
19537,3
18507,3
3369,2
9060,3
12517,2
17365,2
6255,2
8457,2
9058,2
19229,2
11360,2
19309,2
6704,3
10207,2
4652,3
10999,2
7584,2
12253,2
4512,3
6381,3
3055,3
5955,2
1144,2
19383,2
8886,2
7887,2
5552,3
7957,2
794,3
3470,2
289,2
6099,2
11813,2
2698,3
5663,2
13946,2
17224,3
9619,2
2054,2
4618,1
13984,3
3710,1
366,3
3165,3
17171,3
19471,3
11100,2
17666,2
12619,2
18351,2
5960,3
11979,2
7979,3
10270,2
7599,3
2821,2
2435,2
15762,2
5575,3
15902,2
16258,2
10645,3
16214,1
9229,2
15103,3
17426,2
13866,2
13481,3
9274,3
8335,2
2134,2
13470,2
9087,2
103,3
17889,2
13736,2
7989,1
43,3
6647,3
11920,2
10930,2
16255,3
386,1
17483,3
5652,3
2159,3
13584,2
4940,3
3098,2
19803,2
17190,2
5693,2
9864,3
8635,3
17381,3
18178,3
12121,2
9927,3
7384,2
19357,3
5376,2
5780,2
12351,2
18860,2
19442,2
2040,3
6164,3
12089,3
1668,2
18161,2
10286,2
16294,2
14203,2
4301,2
11452,3
14870,2
13394,2
6344,3
12319,3
443,2
13125,1
8896,3
17104,3
1552,2
14337,1
13241,2
19280,2
13411,2
12048,3
9458,2
10448,2
3788,1
7036,2
6795,2
19668,3
11904,1
16050,3
9812,3
16630,2
3213,3
10937,2
13420,3
2516,3
17173,1
939,1
13763,3
3211,2
5016,1
15729,2
17065,2
16446,2
4083,1
7641,2
9702,3
15977,2
10232,2
15982,2
18490,2
18761,2
14043,2
7857,3
13721,1
250,2
14227,2
2406,2
19093,1
16083,3
458,2
4243,3
432,2
6232,2
14083,3
8804,2
15623,3
18813,3
10566,2
15224,1
16835,3
2215,1
1854,3
686,2
18839,2
8359,2
11481,2
6466,3
18799,3
9249,2
1659,2
12580,3
7643,2
14103,3
11126,2
5207,3
12599,2
11139,2
9514,2
4578,2
9870,3
4138,3
5184,2
1168,3
18432,3
13457,3
12020,3
17579,2
1551,1
16058,2
19865,3
17022,3
4632,3
4972,2
7916,2
1735,2
19360,3
17828,3
6627,2
5858,2
4265,2
1495,3
14232,2
17207,2
3584,3
16506,1
17570,2
5934,2
954,2
1571,3
11321,2
67,3
19421,3
10021,2
7732,2
18771,2
17650,3
3620,2
5969,1
7048,2
558,3
376,2
11278,2
18223,3
15894,3
16019,2
3714,3
12563,2
16025,3
6886,2
11814,2
9885,3
4404,2
10386,2
6447,2
18448,1
16487,1
17680,2
5137,3
18583,3
19159,1
14390,2
19804,2
7900,2
1063,3
6001,3
6582,3
9293,2
6258,2
5305,2
5382,1
13096,3
18165,2
327,1
16626,2
8806,1
11576,1
7318,3
19854,3
7821,2
630,3
9541,2
14944,2
11844,2
19182,1
9856,3
5228,3
2082,2
12293,3
9121,2
7427,3
309,2
7128,3
7527,3
2053,3
3724,2
15626,2
5650,2
14862,3
8859,2
9227,2
3942,3
12114,2
15529,2
16704,2
14489,1
367,3
3707,3
15515,2
13778,2
15010,3
16738,2
13340,1
15416,2
17260,3
19440,2
14000,2
11898,3
34,2
13544,3
11693,2
7082,3
712,3
9308,2
6130,2
8081,1
3479,3
14620,3
6340,2
4411,2
18388,2
11284,1
3583,3
5854,2
12722,2
7571,2
3786,2
5820,2
136,3
5402,3
17431,2
2333,2
15816,2
1532,1
2929,2
7911,3
2489,3
4465,2
19071,3
2494,2
19364,2
12009,2
14371,2
13017,1
526,1
509,2
18099,2
1452,2
15646,2
19293,2
1764,2
2576,2
14201,3
4942,3
16,3
4951,2
16363,3
10173,1
10016,3
16721,2
3324,2
6146,3
10796,3
12125,3
2781,2
1446,3
6965,2
7696,2
6695,2
7242,3
495,2
7277,2
11383,2
11355,2
4388,2
19362,2
10390,2
19001,2
9829,2
12120,2
17478,2
8427,2
16417,2
9298,3
4320,3
1015,2
10834,1
13640,2
1717,2
12450,2
7213,2
13566,2
12712,3
19490,2
10281,3
17765,3
4394,3
12552,3
16652,2
15554,3
12508,1
215,3
9456,2
11880,2
18760,1
6314,3
19956,2
11901,2
4899,2
16134,3
7007,2
11405,3
17969,2
12104,1
17355,2
1162,2
14796,3
8649,3
12565,3
19016,1
7746,3
10256,2
7794,3
9496,3
3770,2
17186,2
18441,3
19868,2
10004,2
7158,2
11955,2
1213,2
11189,2
331,2
5782,2
10137,2
39,2
9153,2
12834,2
15373,3
7176,2
14206,3
19652,2
16365,3
4968,2
7782,3
5188,2
7744,2
1875,1
17710,2
15683,3
6780,2
12357,2
11364,2
19999,2
12592,3
4256,2
18793,2
16102,3
12556,2
12981,3
12921,3
3134,3
960,1
9565,2
9193,2
10606,2
147,2
11624,3
12582,2
17120,2
13809,3
6481,2
19518,2
16837,2
14360,2
259,2
6218,2
10314,1
19665,2
18207,2
16502,2
2376,2
7137,3
9306,2
3658,2
17905,3
12101,2
10931,3
404,2
7087,3
1815,3
2860,3
17546,3
3328,3
8232,2
18937,1
8970,2
6097,2
17293,3
16309,1
11285,3
12995,3
10704,2
18141,2
904,1
15017,1
4704,1
10632,3
3229,2
13122,2
18387,2
16568,2
11312,2
7468,2
18559,2
3107,1
2179,2
9709,3
18049,2
6939,2
18483,2
10409,2
13813,2
11423,3
5996,3
4991,2
8021,3
37,3
11912,3
13028,2
6305,2
10075,2
1904,3
8680,1
3363,2
1767,2
15134,2
14923,3
9106,3
6664,3
11529,3
1542,3
3035,3
1233,3
10101,3
18595,2
1109,2
6834,1
931,3
11775,3
18854,2
12183,2
9508,2
16654,2
1279,3
19823,3
3918,2
19157,3
17440,2
4980,2
13840,3
6557,3
16161,3
86,3
4379,2
1793,3
14641,2
975,2
2705,3
6997,3
16606,3
5830,2
15039,3
14632,2
11414,2
17013,3
16305,2
7038,3
9382,1
513,2
18077,3
19273,3
16990,2
7339,1
19640,3
17923,3
10946,2
1490,3
5468,2
1906,1
17842,2
18967,2
17292,2
17286,2
19073,3
17949,3
6408,1
6427,1
725,2
3463,2
3317,2
17021,3
10127,1
10964,2
7625,3
13518,2
9915,3
14532,3
5515,3
9356,2
10981,1
1065,2
19285,2
17512,2
9988,2
11978,3
16746,3
9130,2
14926,2
12524,2
9412,3
13930,2
17317,2
983,2
16174,3
18906,2
10108,1
10067,3
802,2
11727,2
2192,3
2188,2
6307,3
4160,2
14197,3
6887,2
7351,2
4257,2
17732,2
17469,3
2700,2
19166,2
5070,3
15105,2
3079,2
5656,2
7192,2
2805,3
12890,2
11877,3
4577,3
19808,3
1262,3
1195,2
4515,2
17059,2
9168,2
15899,2
15406,3
3103,3
17837,3
19603,2
11093,3
19470,3
83,3
1917,3
4886,3
4984,3
18180,1
2562,2
1412,2
13670,2
11769,2
17671,3
8700,3
6748,3
1523,1
13837,2
3282,2
10234,2
19502,2
19899,2
5750,3
8254,2
10254,2
17903,2
5764,2
17774,2
16371,2
2171,1
10884,1
13973,2
19889,3
13224,2
7379,2
1172,3
8944,2
5803,2
5406,2
7510,2
5285,2
10136,2
19070,2
12323,3
2750,2
3005,3
11612,2
1115,3
4931,2
8191,2
17327,2
682,2
8612,3
19308,2
15133,2
10823,2
13510,2
15689,3
14570,3
16108,2
15277,3
7120,2
15805,2
1725,2
15651,3
6583,3
13120,1
6858,2
12892,3
747,2
9804,2
5174,3
14673,2
13585,3
1422,2
18609,2
293,2
6662,2
17351,2
18978,3
12569,3
12137,2
7685,3
1388,2
8903,1
17712,1
13782,2
8114,3
10228,3
8935,2
18518,2
2983,2
13525,2
17879,1
267,1
3633,2
18911,3
11986,3
12363,2
15577,2
18992,1
19105,2
19455,2
3954,2
138,2
2915,3
2671,2
340,3
6988,3
89,2
9391,3
13345,2
11993,2
5840,3
4520,1
12150,2
15220,3
4150,1
2004,2
3529,3
11146,2
14541,3
11062,2
4812,2
17622,2
18513,2
19712,2
10816,2
14302,2
7708,3
15526,2
4983,2
16600,2
18085,2
11133,3
18201,2
16830,2
8281,2
18162,2
5423,2
10479,2
5390,3
15961,2
668,2
18754,3
15376,2
2229,3
7403,2
5310,2
4481,2
10742,3
11470,1
2933,1
14073,2
16388,1
4598,3
5852,1
6428,2
15829,2
7993,3
1396,3
3802,2
10117,1
15726,3
18282,2
13006,1
9540,2
9143,3
760,3
2970,2
2250,2
1037,3
14214,2
13118,2
2978,2
13557,3
6702,2
1750,3
3001,3
10562,3
14262,3
12123,2
12478,2
12546,2
10343,2
13798,3
16243,1
8294,2
18517,2
9844,2
4965,2
4500,3
12897,3
737,2
12549,2
13938,3
9486,3
650,2
19914,1
3910,2
4667,2
17543,2
6723,2
7009,3
4317,2
6103,2
11257,2
17929,2
9491,2
117,2
14113,3
13676,3
14406,2
3630,2
8636,2
1821,3
17540,2
4475,2
304,2
10845,1
19873,3
7301,3
15736,3
9324,2
3280,2
16934,3
18274,2
3961,2
18203,2
4247,2
7654,3
4482,1
15263,2
19347,3
3210,2
13463,2
12342,3
19040,1
4709,2
7592,2
16897,1
19942,3
5251,2
258,3
8950,2
19555,2
5855,3
162,2
10533,2
2583,2
13322,2
16047,1
1716,3
5443,2
12369,1
8933,2
24,3
13447,1
1683,2
2839,1
19007,2
2749,3
9999,3
14740,1
11707,2
10231,2
14713,3
10872,3
6812,2
19345,2
1050,2
11878,3
16953,2
7866,2
11861,2
11073,1
1624,3
16777,3
18473,3
13353,2
19613,3
17197,3
14345,2
15590,2
8613,2
13582,2
18031,2
12394,3
14897,2
2006,1
14820,3
1768,3
14648,2
7298,3
16713,3
4312,2
5328,3
14008,2
13935,3
17861,3
8825,2
2348,2
18816,2
11720,2
1471,2
3046,2
9816,3
13907,3
962,3
10042,2
4053,3
3490,2
15261,1
17607,3
19245,3
16059,3
752,2
5080,2
14689,1
8384,3
4843,2
11913,2
10185,3
14391,2
8590,3
1267,3
14387,2
11924,3
4292,3
7188,3
2139,2
12019,2
4093,1
11879,2
5995,2
477,3
10480,1
14132,3
5089,2
12615,1
18648,3
13221,1
12540,2
18476,2
10846,2
12182,2
11371,2
11390,3
18716,2
12132,2
13971,2
10737,2
1145,3
6526,2
15962,2
7142,2
7536,2
2649,2
9394,2
16260,2
13863,2
18433,1
2253,2
940,2
9218,1
11725,2
15492,2
3338,2
4342,3
2911,3
1946,3
2686,3
3628,2
17679,2
19058,3
9042,2
13308,2
116,2
10357,2
10092,1
9550,2
17174,3
4477,2
8832,1
9413,2
16408,2
824,2
19317,3
10920,2
8630,3
810,2
9163,3
16735,2
15599,3
3597,2
9510,2
15926,2
665,3
7905,2
11761,2
9784,2
15813,3
16328,3
12404,1
519,2
6897,3
13070,1
8699,3
7131,2
4708,2
17236,2
12827,2
11917,2
10651,2
5147,3
9792,2
2414,2
19786,3
3779,3
15936,2
17143,3
9267,3
7972,1
9696,2
1008,2
13991,2
18591,2
3073,3
18238,2
13454,3
6727,2
13734,2
11782,2
12067,2
5689,2
17184,2
17346,3
6971,2
19925,2
11541,2
7034,3
16444,2
15273,3
9639,3
12477,3
12190,3
303,1
17023,1
9003,2
17067,2
8510,1
1121,2
1081,2
19791,2
10516,2
3237,2
4090,1
5270,2
16514,2
16695,3
16542,2
19951,3
14291,3
13660,2
8127,2
13361,2
1843,2
2533,3
2930,2
2407,2
10824,3
15063,2
12309,3
3028,2
15593,2
15201,3
7831,2
18022,2
17907,1
121,2
9732,3
1397,3
10701,2
2513,3
9669,2
19000,3
14209,2
7893,3
353,3
7752,2
4291,2
7247,2
1560,2
936,2
1855,3
1973,3
6983,3
8614,1
4684,2
2157,2
15988,2
12383,3
10486,3
14110,3
18869,3
18086,3
8751,2
2328,3
611,2
1458,3
16910,3
7727,2
150,2
3768,2
9525,2
7495,3
17557,3
6671,2
3817,3
16795,2
14636,3
5502,2
5152,3
684,2
16458,3
18599,2
8141,2
901,2
8166,2
8911,2
13078,1
3112,3
8184,3
2479,2
2037,3
7730,3
10538,2
18976,3
4541,3
14683,2
8581,2
16971,2
7872,1
1819,2
11578,1
14833,3
1108,3
6382,2
7118,1
18408,2
17827,3
10116,3
7415,2
3418,2
9629,2
5450,3
2335,3
15607,2
12742,1
12017,2
19311,2
16550,3
645,3
16325,2
4967,3
16827,2
13858,2
13160,2
2344,2
5194,2
14465,2
96,3
11008,3
17442,3
3824,1
4335,2
14746,2
14264,2
18228,2
2639,2
8314,2
6906,2
7653,1
3404,3
17090,2
1379,1
16300,3
3990,2
15013,1
12902,3
15710,2
15413,2
15842,2
17287,3
17523,2
2844,2
17407,2
1641,3
14491,2
11686,3
19403,1
1098,2
10915,3
4264,3
1303,3
10417,2
7028,3
13509,2
2652,2
3955,1
12039,3
4006,2
2833,2
15037,3
12801,3
3205,2
3909,2
15966,3
18255,3
3067,2
4957,3
143,2
9964,3
16715,2
5725,3
395,1
11940,1
10436,2
12314,2
15615,2
17296,2
10594,3
5142,2
19401,2
176,2
10588,2
3143,1
2553,3
1255,2
12912,2
5588,3
11833,3
16409,2
251,2
426,2
14653,2
1135,3
9200,3
11494,2
13195,3
2042,2
1494,3
16427,1
8898,2
8888,2
16092,3
6658,3
798,2
6324,2
14919,2
15719,3
5684,3
4591,2
10727,2
4367,2
13243,3
5864,2
18998,2
11536,3
2233,3
11030,2
16985,2
14828,2
18950,1
13272,2
846,2
186,2
19013,2
4092,2
7950,2
2009,3
21,1
14830,2
10719,3
18069,2
11600,3
19456,2
2925,2
2023,2
10544,2
12811,3
9961,2
9952,1
5323,3
1079,3
18132,3
4999,2
8099,2
5371,2
13581,2
12437,1
2902,2
925,2
19996,2
17091,2
16396,1
1476,3
14817,2
16469,2
2754,3
14725,2
5293,1
10764,2
13162,3
14192,2
3758,2
15462,2
9584,2
17134,1
3533,2
12864,2
3907,3
2753,2
10276,3
4453,2
19358,3
4869,2
12420,3
10074,1
4198,2
14988,2
5732,2
8690,2
14009,3
11120,3
3178,2
11627,2
16103,2
11845,3
5095,2
2168,1
3571,3
14129,3
19067,2
14056,3
1202,3
7754,3
14674,3
17832,2
564,2
955,2
18619,3
17201,2
9150,2
16731,2
6970,2
7426,2
18198,3
101,1
12727,1
8990,2
4924,2
4956,3
9205,2
6229,3
9361,2
15542,2
7998,3
15110,2
13846,2
18814,2
1342,3
9206,2
14799,1
1651,2
751,3
13685,3
15879,2
7615,1
7069,2
14278,3
6634,2
19197,2
4669,1
8604,3
16333,2
13957,2
11248,1
7371,1
15262,2
15364,2
12863,2
5298,2
14318,2
14070,1
791,3
15320,3
4631,2
16312,3
3818,2
1036,2
1773,2
10877,2
6836,2
3433,2
9354,2
16781,3
16517,2
15738,2
10496,2
10887,2
12956,2
15288,2
2300,3
2205,3
1879,1
13864,3
11840,2
10290,3
17246,1
4142,2
19034,2
7980,2
4626,2
8517,2
6244,3
1143,2
1386,1
3864,3
17356,3
16744,2
7276,2
19772,2
7095,2
2314,3
5787,2
19258,3
2242,1
5591,2
3388,1
13507,3
1605,3
14943,3
2339,3
19031,3
5783,3
496,2
2008,3
5811,2
3429,3
16475,2
14593,2
111,3
4397,3
17105,2
374,2
11142,2
2757,2
9534,3
8385,3
5763,2
2473,2
4009,2
6815,3
18372,1
12439,2
5966,2
8794,2
6649,2
6087,2
16922,2
13493,2
18973,2
16521,2
590,2
8282,3
14971,2
11296,2
12602,2
12392,3
1134,2
16826,2
8475,2
13133,3
14743,2
700,3
17648,3
16958,2
5189,2
18582,2
13642,3
13634,3
12218,2
11588,2
10000,3
5720,3
169,3
3236,3
5540,2
2688,2
9473,2
8346,2
678,2
18822,3
10537,2
13100,3
19704,2
13718,2
11448,2
19027,2
5160,2
8625,2
17517,2
9184,2
1483,3
8098,3
5727,3
14778,3
12086,2
15495,2
19202,3
1867,2
15712,2
7096,2
8116,2
11191,3
9170,2
6521,3
2126,3
1423,3
15380,3
1690,2
15708,2
16094,3
18120,2
18718,3
17986,2
6879,2
4268,3
11938,2
16884,3
11241,2
13128,2
10586,1
15490,3
6259,2
16942,2
7180,1
14765,1
6306,2
14355,3
17960,1
13899,2
10880,1
11014,2
7976,2
17933,2
14555,2
5813,3
15321,2
10360,2
9002,2
3171,2
19485,3
12809,2
10187,3
18350,1
16866,3
17957,2
2261,2
4250,2
3944,3
12381,2
5164,2
16176,2
17635,2
12112,2
2197,2
7306,2
16840,2
14822,2
8293,3
3359,1
1039,3
6699,3
298,3
14253,2
2567,3
12497,2
5924,2
13689,3
16389,2
6922,2
10027,1
10878,2
4958,2
4496,2
12564,2
12307,2
12773,3
10966,3
7075,2
16021,2
4446,2
14631,2
13441,3
14493,3
4997,2
18236,1
9381,2
14600,2
6182,2
165,2
5849,2
18051,1
25,3
4249,1
2064,3
8329,2
4662,3
9925,3
9015,1
19911,2
10689,2
1745,2
15711,2
13316,3
6416,2
18423,2
3667,3
634,1
15137,1
7457,3
4486,3
4936,2
2584,3
17945,2
16315,2
8315,2
11682,2
1155,2
17256,2
8504,3
2570,2
14712,2
726,2
6445,2
5495,3
4882,2
46,3
3295,2
18594,3
2532,2
14781,2
10807,3
17795,2
5292,3
13870,2
17915,2
8532,2
17757,2
6284,3
18907,3
9545,2
8044,3
15884,3
6937,3
18947,3
19966,2
2466,2
3708,2
16264,3
13804,3
17736,2
7452,2
1322,2
5023,3
2119,2
6914,3
13958,2
4666,3
18993,2
3554,2
9659,2
12856,2
12839,2
6128,3
18541,2
9223,2
8090,2
9985,2
4613,3
17667,3
16383,2
17291,2
4186,2
2015,2
5945,2
6875,2
1249,2
13517,2
8189,3
8514,3
15139,3
1395,3
12573,2
13400,2
14882,2
10950,2
7221,2
799,3
17740,2
17177,2
1929,3
13917,3
12678,2
5596,3
14702,2
14738,2
3747,1
2091,3
6239,2
774,1
2720,2
12506,3
3722,2
1561,2
10319,2
17812,2
9758,2
5802,1
14949,3
8992,2
3775,2
7704,3
11674,2
6832,2
12850,2
7698,2
7734,3
19044,2
16401,2
18117,2
2237,3
19098,2
8878,2
7354,3
1568,2
9975,2
4790,2
4343,2
94,3
14405,2
18624,2
16690,2
17617,2
1317,1
4587,3
2509,3
9933,3
18699,2
2263,2
15152,3
4328,2
15523,1
15127,2
15242,2
4736,1
7723,2
9212,3
2045,2
2441,2
18413,2
16049,2
4241,2
7546,2
9943,2
5501,2
7825,2
14389,2
16569,2
18825,3
11997,3
2772,3
13816,2
12027,3
3585,2
2,2
18878,1
7324,3
15700,3
14549,3
1382,3
18505,3
9618,2
18299,2
9997,3
6794,2
6569,2
11747,2
3417,3
10843,2
5239,3
18142,2
7093,2
7681,2
17039,3
718,2
9411,2
15740,3
12633,2
10056,2
16853,2
15419,3
12605,2
18003,2
4636,3
17265,2
13116,2
14803,2
18316,2
8358,3
6663,2
6115,2
8269,2
18353,2
5364,2
16860,2
100,2
8484,3
19066,2
9057,3
2343,2
18551,2
12872,2
14168,2
4189,2
6070,2
1509,3
2221,2
13774,2
11709,2
17446,2
17747,1
9149,3
11862,3
512,2
14446,2
4144,2
2613,2
48,2
12126,2
5475,2
14863,2
2891,1
4525,1
15318,2
14442,3
614,2
10767,3
10123,2
18578,3
4862,3
15818,2
528,2
11258,2
3811,2
10146,3
163,3
8972,2
11197,1
6492,2
12957,2
9450,1
4687,2
16823,2
7560,2
8947,3
2945,3
10679,2
3269,2
16030,2
18885,3
16749,3
1479,1
7506,3
15128,3
14832,2
3949,3
6818,2
6837,2
3504,2
11460,2
4854,2
6214,2
1496,2
18809,2
10911,2
4689,3
14524,3
2775,3
2451,3
6430,3
2992,3
4826,3
9134,3
7637,2
1944,1
17003,3
9501,3
9069,1
6618,2
13296,3
393,2
2568,3
12110,2
17854,2
17731,3
11400,2
4052,2
5796,3
15970,1
15285,1
5204,2
10309,3
5756,3
12654,3
19750,3
14707,2
14881,2
13847,2
13171,3
16574,2
1909,2
3801,3
3546,2
456,2
787,2
6453,1
2530,2
13522,2
6143,2
12398,2
15480,2
14366,2
9155,3
1614,2
693,3
12589,3
9780,3
10563,3
13554,2
4953,2
7503,2
16314,3
15172,2
6777,3
8921,2
16118,3
14026,2
9447,2
7145,3
15264,3
894,2
18792,2
15588,2
18335,3
12018,2
5608,3
11663,2
4298,2
1442,3
4033,2
15363,3
17838,3
6687,2
8788,2
17910,3
14589,2
14965,2
15032,2
18267,2
9950,3
8491,2
14980,3
14511,3
2198,3
10542,2
8356,2
1825,2
15987,3
10774,2
12501,2
19758,3
19524,2
14248,3
10492,1
1278,3
11532,3
17461,2
16954,3
12401,2
8954,3
18478,2
14336,2
7283,2
12050,2
11884,2
19531,2
12058,2
3096,2
5047,3
16432,3
13615,2
14529,3
13144,3
18184,3
17545,3
15777,2
18081,2
19593,2
7281,3
2527,2
62,2
16084,3
17215,3
15866,2
15120,3
3123,2
1658,3
3102,2
17991,2
3202,2
1408,2
16428,3
16158,3
1376,3
18480,1
963,3
13034,2
10938,3
15657,2
6271,3
6964,2
2689,2
1653,3
15069,3
12778,3
19039,3
10,2
18615,3
6788,3
14998,2
7113,3
16672,2
19266,2
12717,3
10984,1
18153,2
15761,2
10342,2
10013,3
7800,3
17762,2
17818,2
11071,3
1669,1
17116,2
12444,3
6243,2
2361,1
1102,2
896,2
13521,3
1138,3
5884,2
5779,3
15417,3
8856,2
5472,2
18680,1
8482,1
13555,1
8548,3
9649,2
13026,3
13440,3
1484,2
2428,2
4016,3
13965,2
12352,2
17403,3
19466,1
4503,2
12531,2
4096,3
729,2
7677,2
8164,2
11887,3
9196,2
5086,2
3977,3
11415,3
6638,2
13705,3
9851,2
3302,3
9794,3
1813,3
12998,2
4654,2
2249,2
13904,2
5146,2
1176,1
17816,2
3045,2
17898,2
18329,2
13084,3
10794,3
12451,2
8333,2
9658,2
14611,3
11824,2
7211,2
7248,1
1832,3
7163,3
6878,3
11568,2
10445,3
18215,3
11649,3
13207,1
2149,1
3059,2
1774,3
1534,2
8995,2
320,3
16834,2
19821,2
5368,3
5163,3
403,2
5127,2
13570,1
6571,3
15338,2
7814,2
19509,2
17354,2
10749,2
8749,3
2455,3
14279,2
651,2
17268,2
14952,1
9848,2
13147,3
16526,3
16105,3
11177,3
4727,3
17658,2
305,2
10797,1
17462,3
5660,2
6473,2
2909,2
18723,2
2495,2
19745,2
12176,1
10765,3
19453,3
3998,3
7493,3
7330,2
9896,3
14531,2
10271,2
5465,3
10808,1
3948,3
5414,2
11095,3
13712,3
16188,3
2640,3
1403,3
16977,2
13016,2
1837,3
8350,2
2586,2
7886,2
13527,2
14060,2
2714,2
4285,3
6200,2
14536,2
17632,2
10625,2
6947,2
19366,3
11070,2
14569,2
10348,2
2351,3
9847,2
16096,3
5978,3
6438,2
5227,2
14605,2
3157,2
11789,3
5745,2
15673,2
13431,2
15583,3
19301,2
13802,1
15333,2
16418,2
16496,3
3937,2
19943,3
15779,2
3754,1
3595,2
13035,3
14874,3
6449,3
6973,1
9817,2
11361,2
13489,2
17982,3
14953,3
12514,2
19938,3
15061,2
6791,3
3993,2
11969,2
17735,3
6277,3
10380,3
18707,2
10986,1
4865,3
1775,2
19984,3
11540,2
10079,2
9884,2
2218,2
16670,3
12893,3
17049,3
8826,2
17408,1
13231,2
5344,2
6132,2
9147,1
3680,3
5487,3
15186,2
17561,2
18317,1
7084,3
11777,2
16086,3
7507,2
15165,1
8784,2
7997,2
606,2
15007,2
8411,2
2472,2
16984,2
585,2
10703,2
19450,2
10641,1
16320,2
3797,3
6262,2
11261,2
18492,2
8960,3
2841,2
19083,3
8762,3
15858,3
18340,2
14691,3
13087,3
15832,3
16683,2
13834,3
16709,3
10111,2
14582,3
4345,2
14878,3
11633,2
7267,2
11825,3
1590,2
6265,2
13462,2
11347,2
1002,2
4260,2
388,3
17549,3
14750,3
4699,2
8902,3
12515,3
16698,3
440,1
17616,1
16449,3
6025,3
19815,3
17822,2
10627,3
3769,2
16585,2
13437,3
7657,2
10118,2
16077,3
17846,2
18113,2
19892,1
12498,2
8374,3
1516,3
12800,1
5419,3
5546,3
10009,2
13075,2
10899,2
9464,2
10047,2
16436,2
2448,2
3084,3
18097,3
12755,2
17470,1
4274,2
14756,3
3866,2
7707,3
3113,2
13953,2
5683,1
18913,3
15990,1
11075,2
12970,3
16348,2
18257,3
16982,3
10974,2
14184,3
12551,2
18009,1
4391,2
14977,2
12240,2
15572,3
9823,2
14195,2
8745,2
17791,3
11252,2
17962,1
485,2
6545,2
7413,1
17359,3
17756,2
641,1
14177,3
7718,2
3878,2
15070,2
1353,2
16762,2
4627,3
5675,2
13188,2
3335,3
10443,2
12034,2
18534,2
6542,3
7731,2
6598,2
18784,2
11796,2
10666,3
11542,2
6242,3
2049,2
2089,2
1951,2
19292,2
14415,2
2719,2
18709,2
1556,2
10617,2
3682,3
2737,3
14526,3
19225,3
9511,2
4215,2
19670,2
3508,3
7010,2
16806,3
9236,3
17294,2
10389,2
13263,2
6665,2
11829,3
6462,1
16071,1
11895,2
12779,2
3185,1
13905,1
226,3
3476,3
16001,2
3265,2
2284,3
16379,3
8080,1
6708,3
12939,3
18571,2
16302,1
9034,2
2721,1
12037,2
1028,2
4961,2
3318,2
4589,2
1093,3
15940,2
9878,2
16322,2
10169,3
18321,3
4284,3
14087,2
15179,2
15291,1
19432,3
16924,2
12689,1
8477,1
2408,3
16730,2
13491,2
11935,2
17204,2
19150,2
15060,2
3915,2
5133,2
1648,1
9928,2
18645,1
18892,2
7679,1
5123,2
772,2
7472,2
18436,1
14588,1
984,3
4682,1
16636,2
1760,1
13814,3
13201,2
19624,1
15975,2
19111,1
3551,3
3108,2
3197,2
13227,3
11719,2
2735,2
120,3
12792,2
19506,2
17835,2
10705,2
9868,3
10045,3
6287,2
19444,2
16523,1
3384,2
10375,3
5214,3
17741,2
7284,3
19720,3
8897,3
13708,2
13365,2
5883,3
1498,3
13546,3
10825,2
3219,2
10687,2
6606,2
13114,2
18879,3
5715,3
131,2
4800,2
14427,2
9010,2
7311,2
19161,3
2142,2
3840,3
5925,3
2279,2
13371,2
15018,1
122,2
19552,2
2153,3
17428,2
1719,3
1230,2
19120,2
17577,2
1606,2
2239,2
16671,3
9482,3
8111,2
609,2
17141,3
2546,2
2031,3
19526,3
2358,3
5108,2
19769,2
9395,2
9028,3
1357,2
19882,2
7587,2
12001,3
17123,3
19544,2
5620,3
3101,3
3126,3
11488,1
11778,2
5186,2
7006,2
2718,2
12876,2
660,2
4100,2
15096,2
7525,2
14545,2
10471,2
3727,2
10667,1
3688,2
1309,2
17805,2
18540,2
12219,3
2326,2
2832,3
2461,2
9704,2
17908,3
13688,2
13595,3
13311,2
11545,3
982,2
11237,3
12488,3
11418,2
2338,3
11420,3
16172,2
15067,2
6785,2
9416,2
127,3
12035,1
11433,3
13766,3
18233,3
10411,3
11995,2
2889,2
14808,2
14403,3
17834,3
5862,2
16940,2
7578,2
3850,2
7520,2
4656,3
1,2
19737,1
17720,2
54,3
14139,3
7990,1
2501,3
1086,3
6808,2
3839,2
11805,2
5630,3
8177,2
17448,3
13332,3
18525,3
9441,3
17665,2
1627,2
11584,2
5876,2
18794,3
4935,3
9630,2
903,2
15984,2
7032,3
1461,2
8858,3
2402,2
5984,2
6092,3
17085,2
15260,3
6701,2
11209,3
11469,2
3904,3
2474,2
12375,2
10712,2
14080,2
1776,2
9243,3
17100,2
11229,3
12906,3
9791,2
11753,3
11434,2
2345,3
7682,2
593,1
11379,3
3121,3
2695,3
59,2
4313,1
9181,2
16848,1
12536,2
5563,2
11298,1
17872,3
10580,2
17911,3
11960,2
9045,2
12193,2
16139,2
4031,2
17425,3
19164,2
5523,2
19200,2
1918,1
538,1
1431,2
10023,2
3204,3
8467,3
6166,2
1701,2
12014,3
18790,2
18062,3
14580,1
11487,2
1564,2
9132,2
10769,3
14307,2
10815,3
6452,3
454,2
9597,2
9906,2
4917,3
6666,3
4857,2
15692,2
16075,3
5808,1
6325,2
17128,3
2228,3
7895,3
19264,2
13315,2
10142,3
10311,3
9743,3
10587,2
16110,2
11609,3
15267,3
15327,3
1287,3
12023,2
10954,1
2638,1
462,2
1171,3
13524,2
16163,2
5437,3
19972,2
5349,2
5397,3
6625,2
6506,3
14259,2
13795,3
9161,2
4897,2
18815,3
9606,3
5505,1
11688,1
7236,2
9066,3
11776,2
13178,2
16732,2
886,2
16707,2
14646,2
7882,1
17885,3
8376,2
7052,3
7178,3
4213,2
1971,2
15344,1
14010,2
1702,3
11556,2
5746,2
6159,3
965,2
15889,3
12359,2
11185,2
2108,1
13154,2
11384,2
9703,2
5981,3
3771,2
14854,2
9294,3
5297,3
4381,3
19849,3
12317,1
10600,2
5948,3
14054,2
15080,1
4200,2
7132,3
5140,1
18527,2
13693,3
10837,2
5286,1
7053,3
14298,3
11039,2
14317,2
10997,3
7513,2
1040,3
4985,3
139,3
4417,2
6102,3
13003,3
6509,1
19860,3
17919,2
13940,2
1817,3
1075,3
3759,2
145,3
18243,3
17649,2
11101,1
15266,1
6877,2
2755,2
517,3
9809,2
11607,3
13729,3
6642,3
14051,2
10248,1
11110,3
16754,3
18073,2
7709,2
11855,3
9062,2
16483,2
7092,2
13433,2
18647,2
15999,2
4458,2
76,2
10581,2
6188,2
8465,2
7888,3
2166,2
7864,2
17094,1
4212,3
6457,2
9981,2
17784,2
2083,2
4002,3
1919,3
13723,2
16361,2
8193,2
16991,3
14488,2
15859,1
17831,3
18888,2
9977,1
19928,1
7103,3
17918,2
465,2
17884,1
2470,2
9827,2
14638,3
17990,2
17944,3
17036,2
15196,3
4507,2
5315,2
9651,2
8648,3
17691,3
11201,2
14671,2
2886,2
6763,2
14921,2
14935,2
9605,2
5429,3
17506,3
4887,2
9869,2
12887,1
1829,3
18770,3
8509,2
7099,2
7022,2
11748,1
4521,3
14879,3
13876,3
18921,2
14357,2
12616,2
2520,3
8872,3
7662,3
6515,2
12245,2
2174,3
9432,3
2107,2
10425,3
11279,2
11026,2
8113,3
13111,3
7416,2
157,2
19771,2
5797,2
17252,1
361,3
17194,1
17371,2
6336,3
10259,2
5513,3
9102,2
14889,2
2529,2
14868,3
14186,2
15958,3
2815,2
6601,2
19480,3
4309,3
15047,2
14984,2
7684,3
1066,2
326,2
18224,1
19424,3
8418,2
5980,3
4068,2
14757,3
17779,2
5926,3
5318,3
19719,2
7783,3
3510,2
252,2
12052,3
9107,2
7601,2
4044,1
5103,2
8899,1
14910,2
13606,2
4851,2
11224,3
1550,2
15886,2
4197,2
9897,3
3975,3
10025,3
11467,2
7756,3
17606,2
13692,2
12860,2
1187,1
3052,2
889,2
17572,2
3206,1
14505,2
16822,2
11243,2
13498,1
5923,2
18933,3
11225,3
10113,2
9269,3
10444,3
4637,2
9939,2
6346,2
14583,3
7347,2
12713,3
13514,2
18019,2
2703,2
10908,2
14035,1
5076,2
18440,2
5478,2
7070,3
5928,2
19024,1
8565,2
15621,3
543,2
10896,2
1586,3
2961,3
18378,3
10328,3
9024,2
16288,2
3246,3
11554,1
4945,2
15407,3
4324,3
416,2
16644,2
9953,2
6932,2
18206,3
3387,2
5832,2
16245,3
6696,2
12659,3
18866,2
6599,2
18229,2
19082,2
8494,3
17157,2
7564,3
8041,2
7793,2
14747,2
18558,3
17529,2
850,3
8048,3
647,3
10340,3
11294,3
11063,3
15334,2
13760,1
7566,2
9097,2
12632,3
4820,2
8558,2
17030,2
6566,3
5929,1
13959,3
8380,2
2341,2
6846,3
12491,2
18661,1
346,3
4123,3
15286,2
16615,2
19217,3
6733,3
637,1
11372,1
6516,3
11392,1
927,3
195,3
15136,3
16894,3
14050,2
8592,2
16192,2
14764,2
9502,2
6822,1
4638,2
1347,3
1751,2
4454,3
8286,2
15642,3
16887,3
10019,3
8664,2
6710,2
10489,2
1316,2
18332,3
2849,3
3912,2
4452,2
14754,2
19729,1
11331,3
16494,2
18714,2
6724,3
7263,3
3859,3
13883,2
15415,2
15345,2
10191,2
6379,2
9573,2
18122,2
15258,2
6088,1
14896,2
4192,1
2830,3
9849,3
19381,3
19423,2
9127,2
6902,3
13590,2
18035,1
3940,3
18304,3
2475,2
8662,3
11141,2
6216,2
2379,2
1577,3
11608,2
1248,2
9830,3
18157,1
19796,1
19053,2
4346,3
8340,2
17274,2
13928,2
3730,2
2905,2
1709,2
653,2
14996,2
1563,2
2727,3
14198,2
18108,2
1394,3
19915,2
7645,2
6260,3
12397,2
5573,2
727,1
10800,2
1402,2
8568,2
7705,2
14363,2
7945,1
6760,3
6275,2
4095,3
13266,2
14399,2
11463,2
11349,3
87,2
546,2
16756,3
7317,1
6185,3
4606,3
12422,2
5547,3
16857,3
19848,3
12432,3
5143,3
15752,3
1111,3
12142,3
5336,2
4168,2
18942,3
16349,1
1261,3
9353,2
1692,1
6434,2
3375,2
15793,2
15788,2
2589,2
3659,3
10626,3
11292,3
16693,2
10549,2
13564,2
4849,3
9591,2
12476,3
3550,2
698,1
18455,2
2734,3
3966,2
14905,2
16196,2
14293,2
3887,2
9392,1
4534,2
2968,3
4428,2
4498,2
12315,2
17997,2
15747,3
2914,2
7352,2
13624,3
14876,3
19774,2
1068,2
6312,3
10785,1
14851,2
15841,2
7333,2
4975,3
1579,2
8730,2
8469,2
1016,3
9796,2
4164,3
13631,2
6248,2
3285,1
14659,2
7391,3
2388,2
17653,3
4789,1
18679,3
3009,3
8078,3
4848,3
14301,2
11108,2
17362,2
9179,3
6167,2
10462,2
14782,2
11282,2
126,2
2256,3
3040,2
16782,2
17759,2
53,3
15707,2
8348,3
9136,2
15205,2
12220,2
3225,2
5561,3
285,3
8506,3
3327,3
1721,1
13256,3
4554,1
680,2
10671,1
977,2
10152,3
5932,2
7954,2
14093,3
9717,3
2723,2
16048,3
2759,3
3883,2
18310,3
4154,2
1681,2
14485,1
11883,2
7195,2
10083,3
11621,2
13150,2
16794,1
6993,2
779,3
2425,2
13104,3
16178,3
14092,3
14398,2
6905,3
15255,2
5422,2
13134,2
14331,1
14413,3
2634,3
14615,1
3297,2
4551,2
2478,2
7867,1
13556,2
10130,3
10576,2
9740,2
607,3
18071,3
716,2
8556,1
8062,2
16488,2
9439,2
1335,2
13861,3
12738,1
8492,3
5446,2
10196,1
2067,2
11388,2
11750,2
15871,3
7735,2
1439,2
13815,2
1355,2
4966,3
4034,2
12707,2
1418,3
6637,1
16183,2
9292,2
9281,2
14932,2
4731,3
19988,3
13443,1
1794,3
18148,3
7397,1
10934,2
4556,2
12464,2
19226,3
16832,2
17079,2
2538,2
14417,2
17849,2
12588,2
1503,1
16366,3
6688,2
5438,1
4816,3
14084,1
2440,2
2491,3
8139,2
19099,2
6980,3
16416,2
12406,3
14498,3
7451,1
14959,2
19653,3
11502,2
978,2
5352,2
1554,2
10927,3
14668,3
18265,3
661,3
1232,2
9415,2
919,2
4557,3
12133,2
1784,3
10384,2
16152,1
17939,2
10369,2
9762,2
64,2
2162,2
14773,2
14249,2
4341,2
2500,2
11458,2
1009,2
18626,2
12265,2
14431,2
9919,3
12655,3
12130,2
7532,1
6943,2
730,3
15507,3
15283,2
15366,3
12409,2
11079,2
11557,2
2068,2
18467,1
17897,2
9539,2
13789,2
16978,2
5494,3
1938,2
3,3
19134,3
11376,3
7327,3
19210,3
18499,2
9562,2
15346,2
7482,3
2484,2
10913,2
4032,2
5058,2
4402,1
4794,2
9610,2
4717,2
11474,3
5391,2
15954,1
7226,1
11950,2
6114,2
18259,2
194,2
6767,1
12539,3
15801,2
7531,3
11393,2
2514,2
3553,2
7801,2
18618,2
18943,2
422,2
15610,2
1095,3
2309,3
16691,1
7359,2
8443,2
18904,2
11737,1
9806,3
4020,3
5512,2
14329,1
12799,2
11437,2
15135,3
19933,3
11363,2
19644,3
12322,1
9522,3
19550,2
2043,3
4448,1
11020,2
4267,2
5553,2
15243,1
16181,2
13785,3
2334,3
11493,2
12781,2
5795,3
11340,3
16632,3
279,2
1211,1
2026,2
19953,3
5139,3
9523,2
7474,3
5448,3
18125,2
1027,3
5013,3
18091,3
18585,3
11716,3
13137,2
15872,3
13821,2
13618,3
14479,2
3421,2
5209,1
17363,2
16228,2
16647,2
2405,2
15071,2
10268,2
4229,2
15706,3
2956,2
6125,3
8194,2
5841,2
8633,3
17935,3
237,2
4049,2
19500,1
7961,3
18927,2
4650,2
8332,2
13278,1
16415,1
12757,2
17188,2
17760,3
18829,2
9044,2
16576,1
8393,2
1101,3
13545,2
5211,2
15514,2
10541,2
3527,2
15534,2
19162,2
2057,1
3650,1
17167,3
745,1
19662,3
13644,2
4478,2
14938,3
6393,2
2796,2
17518,2
16352,3
16194,1
10530,2
3458,2
141,2
6969,2
16858,3
6686,2
8977,2
12997,2
2146,2
347,2
19861,1
16659,3
15680,1
19204,2
14472,2
17466,3
17050,2
709,3
2829,2
15713,3
6813,2
16917,2
18399,3
16296,1
12285,3
13383,3
7995,2
11439,2
17491,2
9569,3
2127,2
2325,1
2710,1
13867,2
7765,2
17066,2
5735,2
14483,3
6476,2
6133,2
19763,3
8823,2
1666,3
18737,3
3447,3
15792,2
16471,2
17953,3
4561,3
15493,2
17581,3
17699,3
14237,2
11162,2
3287,3
5613,1
16246,3
15305,3
19567,2
17047,1
10105,2
9843,1
3594,3
10368,3
9460,3
12382,2
4647,1
9802,3
13280,1
10818,2
17830,3
3626,3
8793,2
6650,3
16634,3
11151,2
6633,3
166,2
2724,1
10892,3
188,2
3608,3
1880,2
6435,2
9250,2
1069,3
18623,2
704,3
33,2
1528,3
14507,2
10900,2
6193,2
11152,2
8957,2
13295,2
3076,2
19165,2
7978,2
12202,3
10924,2
16147,2
17208,2
6852,2
13290,2
1922,3
11044,2
2363,3
17415,2
16170,3
4741,2
4531,2
12891,2
18305,1
11,3
10511,2
7541,3
11636,2
1682,2
4072,2
7579,3
18656,2
576,2
13393,2
19672,2
18079,2
1215,1
15658,3
9427,3
5334,2
4495,2
769,2
7689,2
3008,2
1835,2
11657,2
7148,3
18722,3
5799,2
11113,2
19160,3
17900,2
4995,3
3074,2
16107,3
7376,3
18438,2
17985,2
3819,3
3140,2
7453,3
16791,2
13747,2
9422,2
17228,2
12670,2
5451,3
16577,2
3243,2
5359,2
2927,2
2867,3
18010,2
4435,3
17626,3
4351,3
1671,3
18688,3
5430,3
4948,3
12767,2
12747,3
4023,3
1743,2
17108,3
7604,3
14986,2
16792,3
6042,2
14548,3
10881,3
1502,3
19086,1
17979,3
5212,2
11231,3
18230,3
7543,2
9595,2
9898,2
11286,2
5998,2
19046,3
3349,3
10302,2
12830,1
18361,2
9886,2
19683,3
14163,2
11786,3
1803,2
17947,2
3756,2
6501,2
8270,3
7674,2
18401,3
17509,2
12927,2
9327,2
844,2
11106,2
125,3
18572,3
3066,3
10992,1
6169,3
5829,3
13080,3
19187,3
17220,3
1559,3
8433,3
14785,2
16358,2
1802,3
6829,3
11345,2
19409,3
3127,2
5092,2
17709,3
2845,3
18269,3
3364,2
10209,2
18951,2
10269,2
2115,2
8967,2
1127,3
16733,3
4932,3
8195,1
3976,2
14241,3
12994,1
935,1
8123,2
3875,2
3683,3
15107,2
16586,2
14456,2
18186,3
6022,2
352,2
8371,3
3299,3
15963,3
9211,3
14315,2
12868,2
2595,2
2865,2
2289,3
17826,1
18149,2
12731,3
13621,3
5025,3
7992,3
9799,2
2497,2
1992,3
18861,2
13998,2
2421,3
15968,2
17815,3
17948,3
8554,2
8993,3
4947,3
12179,2
10993,2
18123,3
19052,1
15095,3
11440,3
15640,3
5819,2
19846,2
9867,2
12925,2
137,3
6712,2
14924,1
10190,2
19979,2
17456,1
3522,3
1592,2
14915,2
15062,3
19857,3
10261,3
5196,3
7548,2
1280,1
16752,2
2254,3
928,2
7865,2
10464,3
5009,3
5874,3
214,2
18634,1
13469,2
15481,2
15679,3
15351,2
865,3
9652,2
2350,2
9519,2
3945,2
6292,3
7110,1
14664,3
19676,3
6220,2
17377,3
7436,3
3402,2
2340,3
9013,2
7816,2
3952,1
3514,3
13579,2
9279,2
9371,1
12158,2
3746,2
5125,3
12485,3
19331,2
10141,3
14829,2
9016,2
7455,2
9668,3
3789,2
1106,3
910,3
4850,3
743,2
19288,2
68,2
19365,1
3599,2
13627,2
17113,2
16032,2
2175,2
17685,2
10923,3
8991,1
1344,2
12526,1
19884,2
6572,2
18437,2
19809,3
1014,2
441,3
7109,2
3467,3
16319,3
492,3
713,3
15168,2
16726,2
7903,2
13273,2
3656,1
3721,3
6280,2
18608,1
18745,2
7051,3
13451,2
2097,2
699,2
9326,3
12703,2
19047,3
19443,2
2848,1
14823,3
3104,1
6574,3
4277,3
17464,3
748,3
529,3
9000,2
8341,2
2993,2
989,2
18881,3
14598,3
17803,2
12302,3
17169,2
19110,3
16915,1
1603,2
11270,3
7027,2
16186,2
1746,2
16909,3
18685,3
6529,3
3935,3
2034,2
13786,2
1660,2
672,2
7389,2
3048,2
9620,2
884,2
7702,1
16272,2
12684,3
452,3
19987,2
6367,2
11422,3
18979,2
11115,2
9237,2
16205,2
16863,2
10659,3
2032,2
646,2
8674,3
539,2
11283,2
14218,2
6205,3
10376,2
13048,2
5433,2
18549,1
10099,2
19779,3
9720,2
8476,1
10771,1
10724,2
9344,2
16838,3
4896,2
5324,2
18421,2
13346,2
11885,3
3218,2
12719,1
3024,2
12345,3
12229,1
17646,2
19828,3
1100,3
5712,3
19829,2
6497,2
11701,2
11808,2
6940,3
547,3
11830,3
667,3
16339,2
10822,2
5183,2
13806,2
17202,3
10091,3
6976,2
8923,3
8180,2
17909,2
13771,2
13975,2
5521,2
14256,2
1056,2
18152,3
5600,3
7906,3
16872,2
78,3
6397,2
19361,2
5961,2
3146,2
13366,2
5522,3
15182,2
19438,2
2810,3
12745,2
7701,3
14280,3
15178,3
318,2
19527,2
5863,3
19302,2
14096,2
10869,2
16495,2
5173,3
679,2
3477,1
17804,1
18677,2
6339,2
3703,3
6744,3
11958,3
1845,2
13868,2
210,2
16861,2
19985,3
6251,3
17501,2
12920,2
2587,3
8772,3
11795,3
9128,3
14917,2
19153,2
13115,1
14114,3
12292,3
4462,2
16841,2
11199,2
8218,3
3080,2
16761,1
10736,2
8030,2
8460,2
13157,2
15359,3
5178,2
6300,2
12414,3
3135,2
19439,2
11620,3
5719,3
18416,1
1468,3
5850,3
17615,2
4686,3
3861,3
9320,3
19452,3
5454,1
2534,2
486,3
17379,1
4536,2
2842,3
18964,1
6129,3
8698,3
14819,2
10947,3
1611,3
1285,2
8986,2
12910,2
18168,2
1738,3
3567,3
19313,2
10714,2
6855,2
17447,3
13164,2
11662,2
11136,2
14202,3
18425,2
19493,1
1636,3
18922,2
12652,3
15160,3
19077,3
3640,3
14018,2
18068,2
7892,2
17821,2
6011,3
2389,2
10928,2
18988,3
18151,2
1340,2
15248,3
16628,3
808,3
3411,2
9423,3
15420,3
5774,1
11060,2
1991,2
8042,2
10758,2
8895,3
9254,2
12153,2
16948,1
6568,3
9438,2
19283,3
19879,2
19799,2
19707,2
4082,2
7448,3
4527,3
13245,2
8425,2
15440,2
9469,2
19559,2
16169,2
16138,3
3293,2
10715,2
3757,3
5233,1
13045,3
8644,2
13376,2
18242,2
18177,2
17956,2
17745,2
1609,2
349,2
5704,2
9858,2
5896,3
8595,2
2329,2
18277,3
14731,3
5130,3
2384,2
5210,2
560,3
8366,2
9776,2
19541,2
13374,2
2594,3
16607,2
1766,2
11078,3
12649,2
6675,3
13158,3
3969,3
1886,2
3060,2
378,2
7726,3
18999,2
16236,3
2767,3
2413,2
9547,2
9234,2
6315,2
16530,3
11381,2
13228,3
9900,3
10395,2
16311,2
13655,2
8608,2
9559,3
7104,2
15581,2
6253,3
9797,3
15796,2
14030,2
14884,3
8197,2
4012,2
10011,1
19974,2
12752,3
19297,2
19656,3
8647,3
17045,3
14335,2
13516,2
10803,3
8833,2
16947,2
8845,1
11773,3
8489,2
14974,2
1497,2
13430,2
3274,2
10524,2
1862,3
996,3
19585,1
8417,3
17019,1
17677,3
8860,3
3853,2
7691,3
14275,2
8716,2
8707,2
17281,2
3142,2
17728,2
8046,1
5280,3
19069,2
8949,2
9604,2
15904,2
7417,2
1665,3
1324,2
414,3
5597,2
8965,2
1097,3
8288,2
11933,2
9611,3
14758,2
6316,1
739,2
12237,3
8258,3
548,3
8496,3
17772,2
10484,3
6031,2
19602,2
15303,2
18477,2
15125,1
8803,2
10828,3
2967,2
3540,3
18665,2
16682,3
9854,2
1072,2
1387,3
5008,2
997,3
16779,3
5301,2
10466,2
5551,1
3803,2
13532,3
985,2
19678,2
410,2
3636,2
11891,3
12011,2
14330,1
10945,3
11533,2
16591,2
5733,2
18537,3
12790,3
3778,2
7933,2
17288,2
2637,3
19770,1
18751,3
15209,2
9165,3
18167,3
9566,2
7314,3
55,1
334,2
14135,2
8031,1
14303,2
6431,3
3734,2
2691,3
9276,2
4048,3
10120,3
6380,3
15368,3
19369,3
19811,2
13748,2
1059,2
15324,1
5048,2
17504,1
19029,2
1000,2
18359,1
1791,2
17459,3
18592,2
1558,2
7710,3
4775,2
13571,2
10730,2
13435,2
13835,3
18029,2
16955,2
2540,3
16706,2
2169,2
15856,3
7258,2
8828,1
2231,2
8273,3
5153,3
5300,2
12931,2
3147,2
12360,2
11822,3
19312,2
13914,2
266,3
19703,2
13535,2
17662,2
9388,2
2297,2
212,3
2194,2
19186,1
7222,3
9075,3
1384,3
9753,3
18409,2
4238,2
756,3
839,2
3333,2
15389,3
14213,1
12348,1
3346,2
19830,2
6817,2
9215,2
10726,2
8587,3
18426,2
18307,3
1345,2
19970,3
17853,2
11857,3
1013,2
17487,2
17405,2
2935,3
12525,2
19491,3
10629,3
13976,2
16043,2
154,3
4751,3
10306,3
18008,2
19747,1
2327,3
16097,2
9978,2
3053,2
18389,2
15604,2
16217,2
18465,3
12310,3
18039,3
7851,2
8757,2
18510,2
16121,3
3715,2
14619,2
14022,3
19363,3
9402,2
5939,3
9818,3
18231,3
13461,2
8929,2
18462,3
1881,3
9963,2
9701,1
17787,3
7647,3
8619,2
13994,2
12977,2
14189,2
8814,1
17532,2
445,2
11687,3
19542,2
6759,2
1399,2
7164,3
9663,3
16516,3
14727,2
10203,2
242,1
5524,3
16992,2
19318,3
7853,2
6749,2
497,2
2808,3
11772,3
5549,2
1032,3
18563,2
3190,3
13961,3
3607,3
4455,3
17994,2
17776,2
13639,2
948,3
6630,2
4278,3
14122,3
9922,2
451,2
8617,3
6718,2
1625,2
18060,2
12452,1
501,2
14516,2
17210,2
14068,3
15427,2
9813,2
11590,3
7669,1
16613,2
8262,2
4988,2
12940,2
16989,3
10322,1
11696,1
6206,2
18078,3
3663,2
19978,3
7914,3
8388,2
4680,2
7346,3
2315,2
12255,3
16554,2
14622,2
7879,2
7636,2
18004,2
19954,2
5677,3
6436,3
3686,2
9164,2
10218,2
16996,2
7805,1
19267,1
11182,2
10498,2
18711,2
19476,2
4524,2
14575,2
12658,2
2991,2
19140,3
14443,3
1700,2
10607,2
7876,2
7204,1
7014,1
4304,1
18468,2
4678,3
16326,2
8824,2
15993,2
13768,2
12509,3
2837,2
8812,2
12226,2
14678,2
3662,2
4054,3
446,2
17172,2
1298,2
12165,1
12617,2
5738,3
19407,2
12754,3
3763,1
7750,3
2667,3
6495,2
15737,3
2840,2
759,2
9,2
13932,2
7611,3
5128,3
15611,2
6080,2
8422,2
17231,2
11377,2
6195,2
7254,2
4757,3
18831,2
18059,2
4903,2
6400,2
8559,3
17482,1
4206,1
17582,3
5673,2
453,3
3242,3
12982,1
6335,3
14001,3
16287,2
5266,3
10827,2
16907,1
18445,2
10799,2
12097,3
13240,2
6610,2
5028,2
3676,2
11506,1
16773,2
2246,3
14383,2
9730,2
3239,2
12572,3
4981,2
11500,2
18918,2
18873,1
11821,2
10110,2
1020,3
11276,2
17566,3
16140,3
4977,2
7147,2
5084,1
16902,2
15795,2
12836,2
15308,2
2187,2
16045,2
18414,2
6586,1
6956,3
795,2
1334,3
4147,2
15206,2
3865,2
4078,3
15211,1
12815,2
16095,3
1962,3
4098,2
3336,2
18199,3
15099,2
6140,3
1807,2
5758,2
7602,1
3560,2
15473,3
13335,3
1017,2
5993,2
10076,2
17755,3
6736,1
9061,2
508,2
12108,3
19459,3
16146,2
3712,2
9946,3
8016,2
8398,2
3900,2
6083,3
5520,3
6422,2
10358,2
13369,2
14229,2
13929,2
10995,2
7790,2
18884,3
7169,2
5648,2
1877,3
9072,2
6706,3
18744,3
12390,2
17404,3
16509,3
9549,2
17331,2
14925,2
10467,3
8015,1
19838,2
17168,1
3385,2
7372,3
5347,1
17510,2
3459,3
8874,2
11333,2
11082,2
7755,2
8278,1
13449,2
6241,3
6540,2
18320,3
11812,2
12532,3
17279,2
750,3
19592,2
19196,2
12116,2
8154,3
8594,3
1245,3
18422,2
14065,2
18819,3
16210,3
15335,2
15239,3
8060,2
9285,1
11645,2
17925,1
1364,3
13373,2
14528,1
15254,3
18486,3
3750,3
14768,1
788,2
17753,1
2075,3
11586,2
13598,3
10936,2
12047,2
14234,3
1184,2
9911,3
11053,3
8430,2
2352,2
14316,3
8352,3
12246,2
11322,2
7820,3
322,3
16520,3
5766,2
17711,2
2609,2
16017,3
2612,2
15996,3
10018,2
2375,3
10189,3
2155,3
7046,2
12818,3
18536,2
7017,1
8726,3
19547,1
578,3
16740,1
2831,3
69,3
8584,3
4261,3
11785,2
18600,2
17070,3
1999,2
5357,2
2855,3
6329,2
815,3
4376,2
1026,3
4653,3
3511,3
18931,3
2156,2
13543,3
3480,2
12946,3
1800,2
9208,2
8945,3
8795,3
7590,2
3538,3
8043,3
9122,3
8256,2
5964,2
5577,2
18451,3
3823,3
3816,3
3451,2
262,2
7079,3
7516,2
18564,3
9038,1
7788,2
4875,1
16870,2
6152,1
4353,2
13684,2
3590,2
5027,2
18545,2
10255,1
12278,2
1238,2
19989,2
5107,3
18522,2
1642,2
3343,2
3562,2
5482,2
3893,1
17609,2
2135,1
8863,2
11859,2
16005,3
18424,2
13574,2
12581,2
16372,2
16610,3
1645,3
13142,3
6750,2
3486,2
1453,3
6681,3
7854,3
19002,2
1697,2
15491,2
19673,3
861,2
16505,2
11765,2
11051,2
8511,2
11854,3
10621,3
14603,2
14767,3
13425,2
10905,2
18406,2
1905,3
18735,2
16380,3
3398,3
12199,3
18175,2
13092,2
17833,1
18358,2
14503,3
19926,2
10806,1
17508,2
15314,3
16130,2
9023,2
7721,2
6254,2
2555,3
9561,3
3898,2
6303,3
10338,2
8324,3
4548,2
11438,2
15003,2
11098,2
19468,2
6396,2
19903,1
1549,3
15844,3
15845,1
15319,3
11563,3
15976,2
1780,3
10739,3
16285,2
19545,2
12748,2
18291,1
8148,3
18402,3
2880,2
19870,2
17081,2
10362,2
12992,2
10135,2
8912,2
12844,3
5833,1
3454,3
9185,3
16664,2
9246,1
12988,2
3723,1
7706,2
18986,3
13079,2
19716,2
11190,2
5135,2
16261,2
8982,3
19484,2
7923,2
934,2
17465,1
18146,3
12194,3
1783,2
1426,3
1734,2
8892,3
12064,2
18220,2
4937,1
344,1
12989,2
14841,2
9855,3
417,2
9273,2
11836,2
1043,2
3037,2
19690,2
17496,2
7925,2
2572,3
12049,2
7273,3
11957,2
323,2
10168,2
13300,3
3896,2
13853,3
14181,3
2268,2
2220,2
3131,2
12236,2
14564,2
6149,1
3777,2
19495,2
7441,2
10942,2
10953,2
719,3
13761,2
18140,2
9367,2
12904,3
14911,2
13900,2
18702,2
17163,1
6783,2
8052,2
7769,2
17556,3
18660,2
16403,2
3876,2
16451,2
777,1
10619,2
5275,3
6432,2
19969,3
9035,1
1385,3
13275,2
8624,2
9593,3
2636,2
6605,3
10665,2
450,3
5631,2
15183,2
14368,1
15111,2
4158,2
11085,3
11465,2
4786,3
16950,2
14857,2
14444,2
2565,2
17856,3
4073,2
2696,2
3420,2
19621,3
16390,1
2746,2
13357,2
14338,2
8102,3
13909,3
3234,3
11426,3
4853,3
14657,3
2371,3
4616,2
3377,2
9231,3
18757,2
11043,3
2117,2
16673,2
8626,2
14208,2
11267,2
15742,2
5533,3
19590,2
160,2
4444,2
12003,2
19748,3
13854,3
13424,2
11119,2
18338,2
5361,3
12166,3
1833,2
1942,2
5509,3
19294,3
909,3
13388,3
8156,2
10433,3
11853,2
15502,3
701,2
2426,3
133,2
13117,2
6830,1
3341,2
14561,3
17967,2
10662,3
270,2
14710,2
15528,3
12216,2
15412,2
9590,2
11275,2
14252,2
4739,2
14273,2
15743,2
6326,3
7518,3
6641,2
19382,2
13487,2
11058,2
1839,2
8107,3
1019,2
14261,3
14179,1
2610,2
7098,2
18038,2
7630,2
9152,1
13330,3
19623,2
14119,3
7349,2
14392,2
7412,3
16422,2
11582,1
16908,2
17763,2
10584,2
10334,2
5708,3
17524,2
13722,2
9543,1
6144,2
2086,2
14174,2
18293,2
10957,3
1931,2
5967,3
9771,2
5136,3
5170,3
4866,2
14414,2
16660,2
8150,3
2292,3
6555,1
19945,2
2193,2
6360,1
6894,2
11850,3
9407,2
6162,2
11047,3
1265,2
11158,3
5154,1
1456,1
5976,2
12694,1
7320,3
11137,2
19117,3
16208,2
17218,2
819,3
7344,2
12212,2
19790,2
8436,2
13247,1
1343,3
9585,2
434,2
1795,3
12405,3
6217,3
855,2
16677,2
5847,2
19658,2
657,2
6201,2
8669,2
10354,1
4807,1
9674,3
19667,3
19214,1
6319,3
2685,3
8687,2
10840,2
19298,2
19723,2
13184,3
845,2
15176,3
9086,2
1272,3
14807,2
18890,2
6804,2
7050,2
708,2
12379,3
13258,2
16224,2
18119,2
907,3
13038,2
563,1
18370,2
12574,2
2879,2
8873,2
15076,2
6975,2
10836,2
16044,2
15276,2
19,2
5880,2
10252,3
9901,2
123,2
14332,2
12243,2
4196,2
9031,2
16589,3
6106,2
5366,2
2392,3
15937,3
9917,2
12495,2
4874,2
6293,2
5471,2
6033,2
19689,3
2212,2
9049,2
16844,2
13053,3
4063,1
6368,2
4202,2
1236,2
2699,2
19785,2
6996,2
13014,3
18090,2
7398,3
3174,3
3488,2
4125,3
13126,1
1673,2
6123,1
16500,2
14311,3
16219,2
275,3
3619,1
7094,2
10770,1
14220,3
12385,1
12328,2
2632,1
17786,2
19880,3
18398,3
329,2
17836,2
11114,2
6743,2
3371,2
15177,2
15426,2
18621,2
6276,2
4205,3
7534,2
3044,3
5965,2
18107,2
11835,2
19243,2
11332,3
4892,2
3696,2
12096,2
10363,3
16249,2
14339,2
16330,2
16588,2
8847,3
570,2
17103,2
7967,2
10696,2
1865,2
9739,1
511,3
683,2
15972,2
13415,2
7720,3
15218,3
13877,1
2190,2
2365,2
3827,3
11291,2
4169,2
10783,2
11306,2
14995,2
7542,2
9887,1
17455,3
3408,2
9144,3
8802,2
17792,3
14358,2
905,2
18630,2
8752,1
17299,1
17886,3
8627,2
19336,2
1596,3
2765,3
19717,2
780,2
7646,2
11112,1
11984,2
17738,2
18712,2
3238,2
18550,2
12366,2
6977,3
2601,2
9358,2
2280,3
5525,3
12934,3
4051,3
15436,2
5872,2
8853,2
18147,2
19367,2
8292,3
1467,2
4986,2
15077,2
12739,3
3772,2
17592,2
11402,3
11013,1
6355,2
18561,3
981,3
19006,2
8092,3
7115,3
16801,3
7060,2
10745,2
10535,2
16970,3
19175,2
4489,2
2969,2
2823,3
15341,2
1240,1
10299,3
11959,2
13024,2
12041,2
15802,2
17392,3
5859,3
8980,2
12335,2
14356,3
3026,2
3215,3
8299,1
14351,3
2420,2
3012,2
6352,3
4359,3
19022,3
14327,3
14736,2
15141,3
19156,2
8915,3
2882,3
7478,2
9172,3
10458,3
7745,3
3988,2
18912,3
14675,3
6925,2
14265,2
1742,3
11354,3
9567,2
12294,1
6860,3
8397,2
15670,3
1375,3
9198,2
8658,3
15519,2
5943,1
19944,2
19855,3
1142,2
19208,2
4159,2
2216,2
19655,3
15287,2
15612,3
8573,1
16197,2
17033,3
945,2
18672,2
9245,2
7228,2
3334,2
2980,2
5899,3
14939,2
6580,3
9822,3
7343,2
5537,2
18428,2
6012,2
11928,3
10297,2
9544,2
8927,2
10690,3
8968,3
4990,3
5106,2
18104,3
9120,2
19425,2
10378,2
11052,2
18725,2
3194,2
11094,3
19584,2
5327,3
17222,3
12986,3
10481,2
10558,2
9077,2
1650,2
3109,1
4776,3
17860,2
14099,2
8964,3
12223,3
5392,2
6446,3
6347,3
1007,2
8710,3
17370,3
15823,2
9995,3
11907,2
17533,2
1157,2
9640,2
15618,3
2310,2
471,2
14240,3
3125,3
16525,2
11244,2
6204,2
10959,3
16153,2
1107,2
14663,3
11140,3
19055,3
1796,2
15541,3
10174,3
19389,3
17196,1
16559,2
16137,3
17419,2
17474,3
11597,2
16728,2
12304,3
12533,3
4099,2
17975,1
6333,3
19952,2
15097,3
15104,3
1061,1
4022,2
18782,1
12433,3
13309,2
14147,3
16571,2
190,1
6891,2
14798,2
11731,2
8056,2
12772,2
7408,3
5455,3
7269,2
10126,2
10821,2
2002,2
1370,2
13041,2
4210,2
17142,2
19388,2
13422,3
8686,2
8302,2
16350,3
3738,2
9247,3
11694,3
789,3
19152,2
3220,2
12648,3
8204,3
17647,2
12520,2
13536,2
17114,3
19608,2
16342,2
12978,3
18156,1
2928,2
1914,3
11798,3
18105,2
17366,3
14865,3
12653,3
17965,2
8061,3
17263,3
9125,3
5141,3
16727,2
5952,2
16764,3
16283,2
17618,2
10693,3
8229,2
9752,3
12300,3
13714,2
6072,3
13675,3
12885,2
4066,2
7810,2
8827,2
5234,2
12594,1
5099,2
15325,3
2457,2
1021,2
13124,2
15732,3
16387,3
13726,2
15086,2
4251,2
11031,1
18245,3
9478,2
1284,3
15552,3
11326,1
4058,2
14565,3
5035,2
14251,1
10112,2
3767,3
15199,3
8296,3
19090,1
7835,3
3392,2
17694,3
11827,1
5230,2
7294,2
1268,3
4615,1
13439,2
4612,3
4724,2
926,2
5267,1
8855,2
15602,3
9733,2
6742,3
9535,3
5991,2
17058,1
8850,2
4143,1
5901,1
11551,3
13986,2
1663,2
16180,2
16164,3
11509,2
14146,3
11389,2
9553,2
6062,3
18786,3
7673,2
17634,1
5333,3
814,2
3061,2
15470,1
10461,3
7724,2
19517,1
12057,1
8870,2
7808,2
7894,2
14845,3
5861,3
18189,2
15582,1
19037,2
18294,2
8357,2
17247,2
14219,2
224,1
7812,2
16098,3
10634,3
10224,2
16316,2
17237,2
17623,3
15731,3
16429,1
8727,1
9798,3
13105,2
230,2
18324,3
8738,2
3193,3
7114,2
3981,3
14133,2
19983,2
9749,2
12814,2
17813,2
3483,3
3507,3
13233,3
8125,1
14956,3
7948,2
9840,1
12334,2
1926,3
18327,2
4305,2
19924,2
1850,2
11954,1
14373,3
5396,2
885,3
19753,3
8192,2
18126,3
10500,2
5254,1
11002,2
13191,3
3233,2
10725,3
19242,3
12299,2
4026,3
15487,3
7757,2
12305,3
14112,3
5992,2
7824,2
13289,2
10305,2
6064,2
6594,2
15306,2
10347,1
12177,3
15860,2
13286,3
16949,3
9158,2
7454,3
5606,2
3276,3
579,3
4115,3
17329,3
13683,3
6302,3
17062,3
5109,2
4617,2
770,3
18966,3
1765,3
13141,2
8255,2
11606,2
7308,2
2799,2
11344,2
14222,2
494,2
1083,2
418,1
2548,2
12232,2
19137,2
16156,3
11678,1
13382,3
355,3
4878,2
7988,2
10658,3
7090,2
13839,2
19327,2
19582,3
6266,3
4697,3
16627,2
19496,2
15561,3
6468,3
2318,2
12374,2
17559,2
13943,2
4037,3
1724,3
2138,3
10456,3
17984,1
5634,2
7262,3
480,3
4705,2
6301,2
2950,2
10396,3
18005,2
14109,2
7971,2
656,3
11386,2
10331,3
1044,2
10469,2
17056,2
10002,3
16543,2
6758,2
6385,2
7057,3
18542,3
8961,3
6374,3
5584,2
11154,1
17901,3
5100,3
626,2
12441,2
6281,2
19488,3
14104,3
14343,3
5017,2
9744,3
18823,2
18805,3
18479,3
15375,1
5449,3
12113,3
19447,3
1634,3
4366,3
14856,2
18689,3
13913,2
11963,2
1996,2
17656,3
17082,3
15433,1
16313,2
10346,2
18827,2
12991,2
16899,3
11335,2
8245,2
7321,3
1744,3
3422,2
2949,2
5762,2
12072,3
11801,2
2738,3
8386,1
16697,3
12947,2
15330,2
15404,2
6523,3
5316,3
17255,2
16578,2
13414,2
2274,3
7557,3
8963,2
16397,2
14228,2
8312,1
4157,2
12421,2
2084,3
3168,3
15494,3
2382,2
17422,2
17730,2
12949,2
15634,2
7567,2
7250,2
7789,2
11334,2
15865,2
622,2
18046,2
1680,2
2654,3
15140,2
9222,2
3172,3
16344,2
11630,2
16699,3
898,3
10875,3
17614,2
17232,2
18080,2
10114,2
11116,3
10839,2
15720,2
4539,2
5389,1
9325,3
12139,1
11922,2
11702,2
7334,3
8383,1
1874,1
10643,3
8140,3
6465,3
11295,3
12838,3
4624,3
1062,3
9335,2
17750,2
6390,2
18489,3
7733,2
11638,3
8663,2
4998,2
15390,3
1670,3
5460,3
5718,2
6417,1
11309,2
14003,2
1631,3
6816,1
18256,2
80,2
15650,2
12623,2
13409,2
10280,2
151,3
10505,1
19764,2
5885,1
6406,2
2579,2
11788,2
11976,2
3992,2
6590,3
5205,2
16770,2
6697,2
3794,3
5888,2
3022,3
18116,3
15589,2
15377,2
11937,2
10059,2
2236,2
19413,2
5011,3
1129,2
3566,3
11972,2
15518,2
3960,2
18858,3
13077,3
9204,2
10304,2
6413,3
11432,3
4513,3
13875,2
3163,2
4870,2
8508,2
7499,2
2997,3
879,2
6345,2
15513,2
3678,2
13085,3
9865,2
8978,3
11770,3
9690,2
4128,2
17942,2
4568,2
2417,3
14618,2
1438,2
9599,3
6365,1
6679,2
13238,3
7216,2
19936,3
7256,2
13220,1
7340,2
11320,2
8082,2
2846,3
13896,1
3130,3
19291,2
5236,2
18916,2
2758,3
18192,3
8133,2
4542,3
14697,2
19494,2
19091,3
7044,2
5629,2
16638,2
6998,2
3440,2
11010,3
6721,1
9993,2
15943,3
15221,2
9623,3
6278,3
7315,3
7974,3
12692,1
522,2
15356,2
18579,2
2295,2
16648,2
9493,3
12766,1
8880,3
12945,2
14993,3
3321,2
469,3
16061,2
5374,2
3936,3
6425,2
13720,2
7151,2
12959,2
18940,2
19398,2
14640,3
9116,3
6015,2
12900,1
9302,2
8545,2
17902,2
12154,3
11743,3
12408,1
15202,2
18385,2
4460,3
16392,2
9836,2
15827,2
7421,2
13186,3
11265,3
1849,3
189,2
15838,2
8638,3
3240,2
6935,2
17689,3
11834,2
10940,2
9498,3
14191,2
6056,2
5097,2
9713,2
4332,2
17495,2
8247,3
10519,2
13418,3
4628,2
3968,3
3534,2
9517,2
12324,2
14306,3
18767,1
475,2
11161,2
671,2
14681,1
5517,2
18247,2
8379,2
140,3
15921,2
15885,1
7116,2
2471,2
8008,2
2099,2
13800,2
19384,3
7512,1
615,3
14494,3
16620,2
12570,3
16696,2
14267,3
11712,3
5535,3
10279,2
6751,3
15694,3
11430,3
8660,2
9722,3
14421,3
7143,2
6118,3
8610,2
9894,2
4914,2
18110,2
9101,3
12725,2
3041,2
10694,3
5532,2
15181,2
11654,2
19314,2
8058,2
1137,3
3221,3
4630,2
13109,2
14136,2
5667,3
7613,3
11717,3
2374,2
1417,2
13851,3
18934,2
7944,3
9257,2
4018,3
19118,3
15089,2
12162,2
18946,2
216,2
19185,2
9477,2
13934,3
8822,3
16136,1
13197,2
15342,2
6021,3
18061,2
19525,1
4749,1
3693,2
4010,3
6512,3
17209,1
16448,2
15405,2
2066,1
17406,2
12907,3
15699,3
6219,3
912,1
11178,3
6623,2
15619,1
658,3
97,2
18746,2
14420,2
11964,2
7144,2
9139,3
3183,2
8459,1
2873,3
6913,2
13030,2
13370,3
16200,2
9483,2
12776,2
1752,3
17475,2
673,3
19893,2
9641,3
11217,2
14774,2
7619,2
12849,2
16524,2
7563,2
3263,3
7161,2
1787,2
16034,2
17943,3
7780,1
3307,2
7086,2
15686,2
624,2
9312,1
10561,3
14454,2
12550,3
15444,3
6613,3
5426,2
1861,3
4027,2
7141,2
19373,2
11466,3
19529,2
1241,2
5817,3
7869,2
13519,3
16619,2
19416,2
15489,1
6683,1
8022,2
1667,3
1535,3
8251,2
14748,1
10151,2
12901,1
16674,3
4629,3
17814,2
13203,3
2287,2
4746,3
4583,2
10970,2
2290,2
1678,3
4441,2
9505,1
12687,3
1581,3
14950,2
8284,2
3381,2
2424,1
10160,2
1450,2
8219,2
7220,2
19663,3
9682,2
4552,3
12869,2
14537,2
2469,2
17703,2
10935,3
12661,1
9397,2
17675,2
9304,3
5621,3
9228,2
13647,1
11705,2
13166,3
8622,3
12251,2
7456,3
15773,2
15638,2
3939,2
1757,1
3316,2
5835,3
5224,2
8512,2
2259,2
2342,2
577,3
4769,2
16239,2
11510,2
6931,2
9272,2
4308,2
10473,1
8399,1
9104,2
6296,1
5951,1
6553,3
6522,3
18279,2
6928,1
4356,3
785,2
9891,2
10165,2
15022,2
11307,3
11325,2
500,3
3652,2
16747,3
6213,2
11097,2
1361,1
16676,3
1964,1
15916,1
13970,3
16477,2
15397,3
9905,3
1712,2
18276,2
7561,2
4375,2
7582,3
11543,2
19787,3
9555,3
15547,2
3934,1
14244,3
16360,2
14437,1
5010,2
17980,3
4393,3
5759,2
16608,2
3275,2
16820,2
9235,1
5922,3
11297,3
5557,2
9774,2
7072,2
5949,3
12455,2
768,2
13596,3
7959,3
6175,2
2596,3
5319,1
3043,3
16686,2
15204,1
464,2
568,3
13013,2
499,1
10010,2
1526,1
2988,3
12683,3
6467,3
16006,2
13101,2
2101,1
18636,2
18640,2
1823,2
14745,2
13076,2
17488,3
10154,3
773,2
1349,2
1087,3
5639,2
15812,2
12919,2
14752,3
9721,3
8331,3
10078,3
338,3
18326,2
13007,3
2616,2
16637,3
16757,3
3892,3
17521,1
17429,1
15435,1
12590,2
13363,1
5801,2
14568,2
8023,2
17498,3
11781,3
12769,2
6765,2
8653,2
5464,2
1985,3
1283,2
11041,2
1193,2
7973,2
15238,3
2208,2
6090,3
7056,2
12377,2
3574,3
13923,2
2234,2
16557,2
18847,1
14230,3
8591,3
341,2
2024,2
17458,3
10738,2
5497,2
1778,3
10707,1
19253,2
2535,2
15026,2
6756,2
10495,1
829,3
3973,2
2972,1
4768,2
9004,3
18543,2
12744,3
7577,2
10265,2
15348,2
3646,3
18196,1
1451,1
15464,2
5068,3
9962,2
6317,1
10422,2
11412,3
7589,2
11601,2
5554,2
13952,2
13043,2
8257,3
12465,2
19289,2
3051,2
9301,2
9866,2
15786,3
19056,2
11421,3
3781,3
5317,2
9934,2
14245,3
8524,1
11444,3
598,2
11771,2
3154,3
17687,3
1415,3
13027,2
4572,3
16612,2
498,2
4103,2
6073,2
902,3
6109,3
7475,3
6384,3
17135,3
1237,2
892,3
9141,2
14471,3
16462,2
10768,1
14613,2
13436,3
12426,3
18875,3
14305,2
4217,3
19601,2
16290,2
13378,2
10301,3
19960,2
17278,2
10820,3
6959,3
6511,3
6778,2
13103,2
2118,3
5007,3
15821,1
6766,2
158,2
1708,2
8070,3
5032,2
5208,2
14117,1
19270,3
16090,2
9442,1
5050,2
3155,2
14048,2
18419,3
6849,2
6225,2
7938,2
754,2
2094,2
19708,2
15485,2
10197,2
9785,2
2480,3
19792,3
10383,2
12174,2
10321,2
18382,2
13180,3
12080,2
5668,2
9096,3
18472,2
6147,3
17701,3
11905,2
12530,2
17339,3
10238,2
14509,3
8525,3
8242,3
12903,2
5770,2
16037,2
6870,2
2022,3
1151,3
16393,3
11006,2
1707,3
6689,2
11515,3
13902,2
13359,3
19961,2
10088,3
19474,2
18682,2
3444,2
18133,1
11998,3
12606,3
5907,3
15874,3
1672,2
19179,2
3410,1
14463,2
16811,2
7522,2
1872,3
14816,2
4350,2
6657,2
12954,2
16555,2
5272,3
10098,3
18052,1
15631,2
8885,3
12871,2
19325,3
4902,2
17659,1
19812,2
19682,3
10288,1
17505,2
13706,3
16925,2
12260,1
17099,2
12808,2
17264,2
19841,2
2728,3
12762,3
13019,2
10162,2
15446,2
7288,3
11949,2
15628,3
16459,3
826,2
9723,3
14482,2
6761,1
2387,3
19977,3
12248,2
17809,3
19241,2
7112,2
4373,2
3967,3
2872,2
15304,2
5688,2
16609,1
8458,2
18213,2
7470,2
6773,3
13567,1
7173,2
9037,2
572,2
18838,2
3179,3
3232,2
14769,2
16538,2
4087,1
5786,2
4374,2
9291,2
999,2
18531,3
11429,2
17031,2
14969,3
7586,2
17553,2
207,2
13500,3
16369,2
19415,3
15431,3
3739,2
5311,1
5586,2
4623,2
13879,2
12730,3
14408,1
15820,3
7828,2
18698,1
18055,2
9719,3
3054,3
11427,2
6470,2
15811,2
14148,2
3416,3
1836,3
7469,2
2453,2
3029,3
16551,2
9664,2
47,3
6297,1
19019,3
12685,3
9699,2
18459,3
5365,3
9178,3
19730,2
1434,2
19700,2
14407,3
2286,2
4898,3
3958,2
7737,2
2152,3
1737,1
603,2
16018,2
12079,2
6944,2
5612,3
9661,2
6308,1
8756,2
11068,2
17239,3
4378,2
18087,2
3306,2
8739,2
17906,3
7850,3
19461,2
13446,2
720,3
540,2
13324,2
5713,2
17437,3
10507,3
7016,1
8014,3
15025,2
19617,1
8252,3
13477,2
6622,3
16711,2
11756,2
15353,2
14340,2
6539,2
11407,2
8807,1
12816,3
13020,2
17705,2
908,2
16965,3
7581,3
12483,3
9455,3
172,1
124,3
3457,2
5379,3
5269,2
13850,2
14885,3
5737,3
19492,3
19817,1
18135,2
5445,3
4174,3
8796,2
8607,3
16433,3
11213,2
13270,2
1164,2
1779,2
15350,3
738,3
12874,2
8787,3
1811,2
812,2
19739,1
5263,1
17670,2
19853,3
11367,3
5788,3
1486,1
2013,2
8966,3
4401,2
11744,2
7055,1
439,2
8905,2
8415,1
7253,3
3549,2
14886,2
13312,1
1207,2
1082,2
5784,3
8926,2
6310,3
9678,2
3256,2
12036,1
11382,2
8368,3
3378,2
489,3
17761,2
15057,3
3255,3
5706,3
7618,3
8549,2
8722,2
19912,3
9647,2
11752,3
14053,3
18743,2
7521,2
7402,2
14732,2
5081,2
19934,2
8188,3
6621,2
15469,2
2337,1
4263,1
18526,3
16041,3
3503,3
13399,3
11406,3
13659,3
16100,2
12425,2
5069,2
19418,1
7514,2
13936,3
17170,3
10050,2
12873,2
13999,2
19852,3
12446,2
13305,1
12085,3
9558,2
12326,3
6867,3
13165,2
10889,2
9466,1
13328,3
14502,2
4827,3
7029,3
9589,2
10640,2
1781,3
17594,3
13098,2
11186,2
15219,2
18593,2
6703,2
15362,2
16398,2
19320,1
3685,2
15424,3
2818,2
180,2
12204,3
2173,2
2778,2
3884,1
8279,2
7279,2
6178,2
8000,2
9349,3
8731,3
7695,2
17722,2
3446,2
12577,1
14806,3
19281,2
4062,3
14692,2
18054,3
41,2
9656,2
16425,3
9451,3
10472,2
18995,3
19871,2
7335,3
15068,2
2383,2
12794,2
4149,3
18045,3
8579,3
13379,2
12595,2
5432,2
277,3
3386,3
16881,2
12628,2
1801,2
10147,2
16629,3
7987,2
7551,1
8956,2
2955,2
4155,3
14341,1
15946,3
12454,2
5957,2
17149,2
6578,2
16211,2
5021,2
9462,2
13402,2
13039,3
18633,3
13211,3
1274,3
17416,3
2508,2
16004,2
3468,2
2630,2
11876,2
19696,3
16123,1
16162,2
14963,2
3434,2
5842,1
1400,2
3159,2
2240,1
488,2
5598,2
15290,3
15637,2
14987,3
521,2
16087,2
19497,3
13844,3
1816,2
8323,2
2648,2
7607,2
9393,2
11670,2
8776,3
19604,1
3466,2
2224,3
6831,2
18773,3
9334,3
9839,3
7041,2
9850,3
12760,3
13495,3
2964,2
7628,2
11198,2
15194,2
17565,2
13657,3
10291,2
17987,2
16649,2
14772,2
15146,2
2276,3
15834,2
7817,1
9600,2
4700,2
13648,2
10688,2
15138,2
13287,2
4672,1
18325,2
8115,3
7197,2
7881,2
2191,2
688,2
19553,3
3673,2
19174,2
19393,2
18181,3
5741,2
1677,3
9341,2
18209,2
15163,2
14931,3
1323,2
18102,2
9082,2
14839,2
11138,2
9020,3
11385,2
17301,2
13889,2
4608,2
12847,2
6871,3
7394,3
3889,3
707,2
8675,2
583,2
12710,2
2633,3
8310,2
16774,2
5662,2
5279,1
19178,3
10513,3
15918,2
7904,1
19207,2
15116,1
5685,3
4091,2
7365,2
5407,2
10352,2
3093,3
14422,3
13113,2
6488,3
6787,2
10672,2
16883,2
3684,3
7411,2
11187,2
1411,3
17200,2
5412,2
3445,3
4242,3
19647,2
8821,2
9954,3
17773,3
12758,2
18581,1
5826,3
14077,3
14699,2
4858,2
204,3
6918,1
3120,2
12006,2
3089,3
5548,1
14967,2
10842,1
2747,3
11308,1
6448,2
1754,2
6311,3
5999,2
979,2
3528,2
549,2
18800,2
19339,1
12987,2
2906,2
3319,3
13456,2
8768,1
15798,2
8064,2
6903,2
17704,2
9041,2
4723,3
8533,2
6168,1
13065,1
4743,2
1871,3
6404,2
7071,2
15655,2
4392,3
7594,2
11061,3
16625,2
19333,2
12672,2
786,2
9789,2
8362,2
3266,2
677,2
17280,2
19635,2
10967,3
13434,2
12318,3
6030,2
4573,2
1617,3
12625,1
1895,3
12608,3
2129,3
19919,2
2792,1
4716,3
16073,3
6198,2
14474,2
16679,1
621,2
11873,2
17054,3
12170,2
7230,2
681,2
10504,2
4259,2
9831,3
15831,3
6046,2
12184,2
4831,2
16053,2
15947,1
16012,2
18017,1
1585,3
19573,3
19106,2
17733,2
17250,2
19170,3
19858,2
10609,1
915,2
6561,2
5703,2
14,2
7975,2
7410,1
18568,2
7206,2
5602,3
835,2
9385,2
18377,2
17578,2
14652,3
2602,2
8128,2
15697,2
6851,2
6286,2
4466,2
7570,3
11522,3
12859,2
2454,2
2281,2
1943,1
2816,3
11974,3
16151,1
947,2
6949,2
18720,2
19886,3
6079,3
15418,3
10052,3
19595,2
17480,2
10316,2
3033,2
17972,2
2824,3
8702,2
12227,3
17743,2
5203,1
14979,2
7804,1
3252,2
11911,3
14714,2
6298,1
6264,2
2668,2
15826,3
11505,2
19642,2
7809,1
19075,3
9383,2
3855,2
18657,2
8131,3
1688,2
13635,1
13996,2
18747,3
16544,2
14783,3
2679,1
16133,2
6421,1
19469,2
13653,2
11289,3
2225,1
4459,2
10793,1
10273,2
6455,2
12402,3
16998,2
4187,3
5740,3
3837,3
3970,3
15596,3
13468,3
10379,3
4690,2
9853,1
19891,3
8334,3
15379,2
8135,2
16642,2
17880,2
7963,2
10933,3
6471,3
15843,2
8841,3
2323,2
11943,3
9162,1
19698,2
13593,2
18859,2
7186,2
15384,3
14572,2
10692,3
1363,3
5564,3
3056,3
6041,3
13364,3
1640,2
2269,2
1696,1
8601,2
5915,2
1805,2
7358,2
11125,3
4929,2
4408,3
14268,3
7282,2
13832,3
16847,2
1223,3
8596,1
7672,3
5187,3
3997,2
13529,2
4199,2
7953,2
17502,2
4693,2
11651,2
5088,2
15106,2
12118,2
3340,2
6176,3
16583,2
13336,2
2121,2
4419,2
5909,2
6768,2
12356,3
14470,1
15819,3
10720,1
18444,3
18944,3
8557,2
13021,2
5162,2
11391,2
13242,2
6769,3
12575,3
3226,3
3031,2
11256,1
6263,2
9580,2
6841,3
9773,3
6929,2
2062,3
17270,2
7139,2
19562,2
17441,2
4889,3
18427,2
19761,3
14538,3
3752,3
13885,3
18928,2
17855,2
1257,2
18271,2
14344,3
6226,2
17212,1
2148,2
11128,2
1212,2
16303,2
19669,2
722,2
10225,2
7559,2
11080,2
9787,1
14466,2
1180,2
14813,1
15769,2
4750,2
12269,2
16734,2
5545,2
18589,2
7799,2
152,1
3352,2
10631,2
1445,2
5249,2
7738,3
8151,3
12962,3
5413,3
17995,3
429,2
13797,3
5651,1
5225,2
1210,2
6550,2
14812,2
10805,2
9192,3
5274,2
16440,2
3020,3
208,3
2111,3
18855,2
5403,2
17824,2
16809,2
8889,1
14892,2
9457,3
18007,2
4833,2
1593,2
4588,2
5956,2
10392,2
19587,3
16457,3
8813,2
9025,2
12198,2
14684,3
12258,2
16720,3
9275,2
7496,3
2607,3
6961,3
17121,3
113,1
17452,3
17321,2
14161,2
2172,2
7791,2
6979,1
257,3
17723,3
3959,3
14552,1
992,2
19840,2
1846,2
10750,1
5105,3
10164,3
12802,2
11856,2
6524,2
132,2
16825,3
10221,3
7680,2
10367,3
4734,1
5381,3
7585,3
5314,3
9790,3
2725,2
2409,2
14397,2
4863,3
19244,3
1294,3
18043,2
15445,3
3430,2
12249,1
19051,2
8321,2
19212,2
27,3
13497,1
16875,2
2244,2
11797,3
18617,2
2125,2
8651,2
12968,3
10201,2
7907,2
5843,3
6050,2
9996,2
14152,3
12607,2
8394,1
5030,2
7621,1
16723,3
4201,3
3651,1
9156,3
16508,3
6644,3
3025,2
2386,2
1965,2
11164,2
7257,2
12734,3
16069,2
969,1
7795,2
1588,2
17319,1
9642,3
6563,2
523,2
17737,3
3138,2
1188,2
12505,2
13703,3
7712,2
6745,2
8706,3
178,3
17261,2
14585,3
10214,2
18391,1
11886,2
9673,3
8437,2
4832,2
12560,2
7845,2
6299,2
10951,2
4756,2
7891,2
4384,2
3542,2
18535,2
13645,2
782,1
16301,3
2163,1
17144,2
16898,2
13015,2
17989,2
4279,2
14962,3
9100,1
13088,2
13056,2
193,2
17126,3
18449,2
15538,2
1870,1
7807,2
3638,2
11732,1
16355,2
6196,3
9920,3
8566,3
3412,2
11127,2
6019,2
18302,2
9199,2
19767,2
2020,2
16793,2
16962,1
17076,2
9803,3
6274,1
18313,2
4927,3
15913,2
12732,2
15453,2
2170,3
18681,2
17541,3
7481,3
14574,3
18214,2
16974,2
17959,2
4574,2
3129,1
2789,2
6250,2
6752,2
2396,1
6236,2
3124,2
10852,2
10063,1
15571,1
12753,2
17127,3
1948,2
182,3
3547,2
4338,3
2716,3
1053,2
18765,3
17037,2
148,2
17092,2
16753,2
16407,2
17669,1
2260,2
1199,2
14504,2
4508,2
8661,2
2283,2
1192,1
8298,3
1048,2
8542,2
5605,3
9452,3
7762,2
2693,2
19833,2
14448,3
19875,3
156,2
2511,3
18463,2
1908,2
7830,2
1706,2
1464,3
3800,2
6418,3
1834,2
9056,3
14542,3
10317,3
30,3
2306,3
1226,2
13897,3
3413,2
173,2
10868,3
19564,2
3241,2
4955,2
11892,1
3742,2
14205,2
5920,2
18298,2
8519,2
807,3
1469,3
14294,3
3902,3
10614,2
493,3
13911,3
6747,3
14374,2
1001,2
2317,1
14239,3
972,1
5404,2
2380,2
6585,3
6861,3
16033,2
11003,2
12965,2
18047,2
9893,2
198,3
1058,1
640,3
14947,2
9538,3
16703,3
9378,3
15369,3
7431,2
2662,2
19321,3
9908,2
10661,1
15952,3
14254,2
1920,2
1952,1
16755,2
15253,2
16969,3
7729,1
4132,1
16460,2
6334,3
6862,3
5093,2
8817,3
7644,2
6145,1
11595,2
10097,2
4735,3
375,2
16464,2
7650,2
2898,2
16573,2
9303,1
2892,3
19908,2
3170,2
2059,2
18994,3
17332,1
10440,2
9575,3
5724,1
9065,3
14614,2
17074,2
6234,2
15217,3
19332,1
8007,3
5566,2
7545,3
16031,2
15586,1
8432,3
1517,3
16038,3
14451,3
7430,2
11628,3
8868,2
3702,1
16353,2
5979,2
1632,2
17257,2
9574,3
1205,3
10646,3
7015,2
15774,3
809,2
18200,2
8938,2
16856,3
4795,1
11022,2
13730,2
3965,2
11247,2
5579,1
10565,3
3070,3
10559,1
4231,2
6719,3
9484,2
13140,2
16327,2
3150,2
13819,2
2826,2
15701,3
3852,3
15465,3
2614,1
13174,2
19532,3
6963,2
9846,2
5456,2
7605,2
9781,2
6581,2
6533,2
7375,3
19931,3
4916,2
1076,2
17453,2
1136,2
14105,2
17383,2
2715,3
5654,3
7190,2
6676,2
16558,1
8216,1
13406,3
12916,2
13759,2
261,3
12214,2
1695,2
8200,2
10094,2
6507,2
13177,2
1713,2
16784,2
3250,3
9731,1
5277,2
5627,2
15569,3
4134,3
13575,3
864,2
15942,2
18208,2
6489,1
5530,2
2433,2
8182,3
19334,2
4303,3
3362,3
5165,3
18570,2
890,2
13139,3
11009,3
8890,2
7558,2
8485,2
4055,1
13613,3
5079,2
11980,2
1112,1
631,1
8404,2
1838,2
9801,2
5970,3
5383,2
19998,3
19489,3
6357,2
5370,2
19910,2
5538,2
7665,2
4619,3
6373,1
3149,1
12136,2
1934,3
3535,2
15549,2
13250,2
295,2
2876,2
1166,2
18697,3
6076,1
7393,2
16078,3
8759,2
2446,2
11192,2
2439,2
7982,3
7035,2
15083,3
281,2
17040,2
18469,3
11815,2
7924,1
1290,3
19125,2
9837,3
12007,2
19397,2
14708,3
5983,2
18458,2
16661,3
4254,3
8187,2
7235,2
9338,3
16678,2
12547,2
11210,2
3545,1
12701,3
10873,1
15358,2
1369,3
14818,2
10777,3
18941,2
17698,3
4085,3
12107,3
1726,3
2357,2
3395,2
11040,3
7741,3
7406,2
15660,2
19235,2
12622,1
6212,2
9362,2
17781,2
1244,2
7620,2
833,2
149,2
5268,2
10540,3
13480,2
184,2
9079,3
17304,1
1487,1
2926,3
14716,2
5610,3
16091,2
5968,1
8671,2
12955,3
15714,2
2035,2
5777,2
10423,3
264,2
2504,3
4692,2
9603,3
19641,2
3030,2
13979,1
1378,3
1500,1
2291,2
9459,1
11739,2
10941,2
7074,2
7761,3
18655,3
11074,2
13236,2
11514,2
16013,2
14520,1
14450,3
7203,2
9001,3
11362,3
11220,3
3254,3
7428,3
19589,3
51,1
7792,3
8798,1
7633,2
13325,2
12657,3
11346,3
1969,2
15556,1
7848,3
5578,3
1514,2
16552,2
2322,1
4671,3
16808,3
15167,1
3494,3
9437,3
1354,2
13577,3
7237,2
3537,3
3156,1
15830,3
3326,2
4000,3
9307,3
10675,3
853,2
16093,3
467,3
16235,2
7179,2
16437,3
2177,3
6290,2
1639,3
3995,3
4715,2
3700,3
10744,3
17375,2
7798,2
17596,2
11337,2
14289,3
7764,2
12640,2
19391,1
3591,3
10998,2
8049,2
6924,3
515,2
2709,2
356,2
6962,2
19188,2
15629,2
8118,2
8721,2
3320,2
16443,2
18750,3
16377,3
16665,2
13471,2
3348,1
1629,2
16171,2
13753,3
18724,2
5148,2
8643,2
3575,3
13614,2
7325,1
11552,3
17660,2
15964,2
4047,2
17914,3
12225,2
6991,2
805,3
8844,2
16289,2
17913,3
10746,2
11941,1
6854,3
18851,2
5666,3
10677,3
1367,2
15948,3
16384,1
15817,3
7553,2
16374,3
6044,2
5072,2
10226,3
9461,2
16560,3
1022,2
8704,1
14872,2
1286,3
9654,2
5908,1
15579,3
13427,2
6543,2
1348,2
10674,3
13605,1
19540,2
4275,3
14644,3
532,2
15665,3
16273,3
380,3
10058,2
19487,1
7133,2
10195,2
930,2
2626,2
18738,3
19950,3
2895,1
8611,3
12913,2
11906,3
14375,1
15503,2
9672,2
17443,2
73,2
2604,2
11072,3
17636,2
18758,3
10086,1
1864,2
9653,2
4603,3
9449,1
19272,3
12111,2
19342,2
10403,2
17674,2
10702,3
2995,2
6648,2
16839,3
17199,2
7614,2
9278,2
2920,2
5672,3
18260,2
8036,3
9471,1
9621,3
2777,3
18606,2
7097,3
7544,2
8159,2
19706,3
19286,3
11581,3
14486,2
1203,2
17789,3
18083,3
11105,3
6163,3
16141,2
4718,3
5927,3
10399,2
16547,3
14041,3
18431,2
15512,3
6342,2
15851,2
12430,2
4118,2
14540,3
19080,3
5866,3
17025,2
17727,2
888,3
9277,2
3927,2
14508,2
531,2
11200,1
14141,2
7249,2
7875,2
10639,2
18179,3
6784,2
9863,3
14726,2
15271,2
18493,2
9340,2
13074,3
5681,3
3166,2
16650,3
17195,2
360,2
17844,2
11613,3
952,2
2160,3
1799,2
15531,2
9766,2
8124,2
14243,1
5427,2
10034,2
10400,2
11171,3
7711,2
8946,2
9570,3
6564,2
18484,2
8478,2
11280,2
5175,2
15296,2
11453,3
17937,2
18575,1
3164,1
8466,2
19128,2
16472,1
10990,2
2324,3
8490,2
12855,2
10501,2
3776,1
315,2
11107,3
7758,3
18404,2
18386,3
2974,1
1275,3
10605,2
15040,2
16912,3
9697,3
3598,2
14784,3
13662,1
14907,3
3681,2
15508,2
1318,2
13121,2
5778,2
3034,3
10572,3
4811,3
14292,2
12503,2
17550,3
4725,3
19731,2
19315,2
1222,2
4943,2
4255,2
6883,3
18366,2
19310,2
3482,3
7066,3
10323,2
11610,2
11616,2
1538,2
19820,3
14763,2
14625,2
1553,2
12527,3
13717,2
14266,2
7341,3
2817,3
7960,2
8810,2
2381,2
12583,3
12567,2
3524,1
2629,2
19818,3
7447,2
2766,2
14324,2
12087,3
1656,3
4818,3
7896,3
18227,2
16292,3
3151,2
12056,3
14285,3
5046,2
9403,2
4025,2
3717,3
16810,2
5574,2
12463,2
1923,2
6223,3
12881,3
11587,2
15881,3
7054,2
6177,2
18926,1
15337,2
11865,2
8185,3
3515,2
19344,2
7031,2
17869,2
5807,2
4969,1
9980,3
15414,3
6387,2
13658,2
10337,1
16000,3
6548,2
7241,2
7363,2
15759,3
18225,3
13239,2
5400,3
1209,3
9166,2
474,2
3311,2
8407,2
4596,2
7656,2
9775,3
13922,3
12826,3
19375,3
15934,2
5060,3
15210,3
16515,3
11758,3
15383,2
1341,3
2184,2
13196,2
11807,3
247,2
19102,2
12566,2
14695,1
29,2
1119,3
15354,2
7407,2
14686,2
4842,3
6171,3
12435,2
19250,2
10166,3
633,2
8238,2
8152,2
19927,2
4745,3
868,3
9512,2
15387,3
7165,3
9735,2
13155,2
13950,2
6119,2
4129,2
3559,1
18887,2
11250,2
16323,3
860,2
7785,2
4105,1
18694,2
10723,3
15511,3
14484,2
848,2
1243,2
12462,2
5325,3
16338,3
6179,2
17564,2
3460,3
12522,3
18755,3
16386,3
10381,2
4011,2
5572,2
15609,3
17432,1
9054,3
3863,2
2551,3
19505,2
3047,2
2431,3
16694,2
18002,2
17476,3
1940,2
15240,3
13728,2
3825,2
5875,2
15722,3
1229,2
15509,2
16145,2
6820,2
4855,3
1474,2
14525,3
1733,2
2628,2
11942,3
11255,2
13810,3
2622,3
7797,2
6459,2
4562,2
5052,2
10597,3
17146,3
7444,2
5110,1
3890,2
6810,3
19368,3
19777,3
14260,2
3314,3
3441,2
14137,3
14377,1
991,1
914,2
10022,2
8377,2
14052,2
3654,2
12362,1
9811,2
7418,3
18868,3
740,2
31,2
971,2
5839,2
10756,2
3962,2
5560,1
1116,2
5805,2
16540,1
2467,3
831,3
9027,3
2825,2
8694,3
5217,2
6460,2
6694,3
15428,1
12129,2
7368,3
14685,2
2044,3
1980,2
13344,2
2683,2
1346,2
18461,2
14654,2
3653,1
16739,3
744,2
7108,2
723,3
18360,3
4340,1
18598,3
5394,2
4813,3
3870,2
12680,2
11484,2
11254,2
17642,2
11180,2
15394,2
746,1
18251,1
9507,2
13389,2
13200,3
15723,3
16148,2
9154,3
12842,2
265,2
19740,3
18812,2
12308,2
3139,3
14295,3
4533,3
9992,2
10427,2
11735,2
3062,3
10404,3
19844,2
12458,3
15925,2
16597,2
10177,1
9563,2
13964,2
5223,2
10249,1
11764,2
13855,3
3947,2
2058,2
8086,3
6451,3
4922,2
3838,3
7382,2
8306,2
284,3
16479,3
18264,3
10856,3
12147,3
11634,3
19625,2
7859,1
18664,3
5536,3
18905,2
14156,3
14123,2
9476,2
15833,2
19579,2
2003,3
5346,3
14242,3
11956,2
10431,2
15666,1
19239,2
12343,1
8235,2
12148,3
13831,3
11281,2
14766,2
3217,2
14543,2
4333,3
14085,2
10001,2
1003,3
10585,2
6853,2
9268,2
449,2
5295,2
11090,2
18891,2
17568,2
17643,2
10247,2
2522,2
7199,2
11348,3
9033,2
8518,2
18820,2
19326,2
19611,2
11323,3
7297,2
4483,2
10763,3
11525,2
16987,1
13130,2
4418,2
15035,2
5963,2
15349,2
10082,2
4042,2
14901,3
6659,2
17664,2
9022,2
3799,2
10096,2
12743,3
6401,2
6358,2
10242,2
9494,2
328,2
18088,3
2493,1
12217,2
15246,3
14006,3
19538,3
11149,2
8309,2
6067,2
13845,1
11054,2
15570,3
6361,2
13656,2
2199,1
3083,2
13486,1
5452,2
18285,2
10167,3
14940,2
18170,2
19454,2
5587,3
19948,2
5353,2
6094,3
16468,2
9857,2
3487,2
14973,2
19173,2
10335,1
10391,3
16895,2
19906,2
6532,3
11401,2
17115,3
12693,2
4861,2
13767,2
10975,2
11858,3
4470,3
19141,2
2859,1
14002,2
3122,3
3184,1
18439,2
6814,3
4334,2
12275,1
16511,3
4450,2
164,1
19713,3
3199,3
5986,2
1319,3
7642,2
10732,2
472,1
1997,3
18,2
5158,2
18521,3
17409,3
8289,2
12181,1
5935,3
3114,2
6110,3
11027,2
5940,2
16833,1
19718,1
4372,2
6362,3
3744,2
16562,2
4529,3
17724,3
11560,2
3548,3
13967,1
14903,2
1591,2
6825,2
9708,2
1769,2
3596,2
16867,2
6994,2
17690,1
2485,2
17164,3
4644,2
7229,3
16461,3
19581,2
7047,2
10081,2
13216,2
19577,2
7748,2
8865,3
18587,3
12974,2
13163,2
8650,1
11057,2
6006,2
17136,3
8313,2
17083,1
8142,3
6942,2
15232,3
1492,2
14914,3
15191,2
18470,3
8223,2
2154,3
14038,2
14359,3
16453,3
19837,2
1449,2
3175,3
11819,2
13478,3
15606,3
11338,3
1531,2
10624,2
12553,3
11766,2
15352,3
11374,3
10104,3
7208,2
504,2
14612,2
6953,1
8531,2
3580,2
7089,2
19869,2
17182,2
4840,2
5074,2
9786,2
7264,2
61,2
18159,2
11037,1
18063,1
18844,2
12429,2
13563,3
17951,2
15667,3
4742,2
14369,3
4456,1
19232,3
9881,2
19370,3
17952,2
12157,2
7486,2
10233,2
15200,2
381,3
6288,3
2412,2
13739,2
9582,3
15109,2
17312,2
12106,3
16195,3
4162,3
15539,2
14027,2
6172,3
10534,3
245,2
17823,2
7937,2
13268,2
8603,3
8461,3
5121,3
8857,2
8924,2
114,2
18686,2
10669,3
11442,2
19710,2
15749,3
2180,3
8455,2
13882,2
12534,1
775,3
12840,3
13401,2
7360,2
13132,3
12665,2
11915,2
19949,2
6677,3
9238,3
17752,3
16304,3
15386,2
8206,2
10740,2
9159,2
17490,3
3425,2
17638,3
19032,3
2923,2
14609,2
4780,2
18023,3
1133,2
11926,2
10070,2
271,2
9665,3
17931,2
1018,3
4440,2
9030,3
9904,3
15119,3
10987,2
14045,1
17875,2
8930,2
3615,2
19572,3
52,2
12306,2
5405,3
19478,3
1389,2
11380,2
7884,2
3478,2
10782,2
18016,3
12467,3
13004,2
11168,2
16851,3
19751,2
9095,3
19725,3
71,2
11409,1
19605,2
14682,3
13671,1
17591,1
17974,2
11036,2
5159,3
5624,2
10397,3
17042,2
7901,3
12192,2
19420,3
5479,3
6478,2
402,3
5541,3
1472,2
8869,3
3356,3
9808,3
9443,3
1983,3
11617,2
4918,3
5059,2
3843,2
17417,3
174,2
9131,3
19486,3
15437,2
7713,2
8526,2
19237,2
17870,2
6151,3
4293,2
19607,2
10459,2
5626,2
3845,2
15870,2
12410,2
3110,3
16230,3
10962,1
18556,3
2599,2
15905,2
8013,2
15893,2
15294,1
9516,1
10527,3
3820,1
15787,2
13920,1
1887,2
8336,2
1182,3
19986,3
16202,2
12644,2
1888,3
13442,3
1722,1
9859,2
2884,2
2994,2
4763,3
9078,1
4056,2
5380,3
11024,2
8345,1
5516,3
15123,2
6645,2
5936,2
7880,2
16266,2
721,2
373,2
8186,2
6734,2
312,3
42,1
16209,1
14313,2
7196,2
12810,2
8609,2
4753,2
2791,2
732,2
13719,3
944,3
11806,2
5565,3
9099,2
1693,2
10983,2
16903,3
17198,3
818,3
11641,3
4830,3
9714,2
15004,2
19679,3
7058,2
9892,1
6272,2
6010,3
11238,3
6833,2
2592,3
379,2
11967,2
12195,3
18635,2
4439,2
18532,2
3726,2
10336,3
2566,2
18187,2
13549,1
3621,2
6108,2
12159,2
17978,2
7061,1
4890,2
2559,2
14553,2
7528,3
1582,2
2547,2
7078,3
4321,3
5138,2
6884,1
13737,2
6541,1
1763,3
13954,2
6684,1
6472,3
19227,3
15662,2
12909,3
11428,2
10333,1
13058,3
4433,3
8121,3
5278,2
16489,3
12650,1
4946,3
14028,3
15092,2
19190,3
2953,2
7519,1
11754,2
7802,1
15766,2
19620,2
19213,3
2502,3
16701,3
1200,1
13395,2
18662,3
13955,2
19042,2
17558,2
1088,2
15207,1
8734,3
8020,2
4064,3
10578,2
18475,3
4635,2
601,2
5428,2
7753,3
12984,3
18603,2
10657,3
11517,2
17008,3
9819,2
8998,2
4978,3
5580,2
3115,3
8615,2
4823,2
18380,2
4472,2
19904,2
18870,1
14811,2
11301,3
1580,2
6045,2
7125,3
3002,2
11988,2
11673,2
16527,3
15868,2
15311,3
12854,1
12206,3
15568,2
10072,2
3452,2
14510,3
3605,2
7871,2
11534,3
4420,3
18555,2
5171,3
4720,2
19941,1
19216,3
1527,3
13654,2
6078,2
690,3
13360,3
2288,2
19686,2
5785,2
6602,2
10921,2
14118,2
17571,3
17575,2
8337,3
3572,2
15548,3
11992,3
18218,3
19885,2
16241,2
13189,1
7399,2
12975,2
11987,2
2499,3
6035,3
12578,2
10684,2
17262,2
17839,2
15075,3
8583,3
10906,1
8667,3
1694,2
9487,2
2092,2
9329,1
5331,3
17216,2
7337,2
16975,3
15309,3
5716,3
15392,2
16493,2
13448,2
12510,2
17436,3
17695,2
15058,3
17052,3
8445,1
16182,2
5168,3
10882,2
13237,2
13859,2
17227,1
4509,3
11566,3
15310,2
15917,2
5354,2
12188,3
5582,2
15784,3
1485,2
19121,3
2267,2
12365,2
6165,1
19192,2
17253,1
18852,2
14535,2
8642,2
13307,2
15247,2
1979,2
696,2
1741,2
3718,3
7796,2
11476,2
2189,2
5006,2
8147,2
505,1
3303,2
8597,3
7897,3
6461,2
16567,2
3082,2
1876,3
16993,2
2033,2
6629,2
18352,2
20,2
13713,3
15237,3
7183,3
10416,1
16359,3
15042,2
19654,3
18902,1
10066,2
14825,3
7862,2
14178,2
14951,2
9948,3
2178,3
4979,2
19794,2
19887,3
16873,2
7740,3
15553,2
19596,2
10656,2
15836,3
16536,2
17273,2
16252,2
11274,1
269,2
16480,2
14546,3
7676,2
12016,2
6713,3
13252,3
3885,3
9991,1
13159,2
9764,3
12820,2
1067,3
7500,2
2760,2
6221,3
715,1
4059,2
17862,3
18182,2
461,2
16376,1
19328,2
9987,2
10061,2
13681,3
9537,2
4791,3
5271,3
5848,3
1214,2
14922,3
1372,1
243,3
4039,2
7255,3
10991,2
1679,2
15639,2
12042,3
9504,2
17032,2
10835,2
15269,2
16539,3
3428,3
9495,2
17534,2
19431,2
16067,2
14089,3
1046,2
9832,3
1306,3
10119,2
13783,2
11631,1
12313,2
18628,2
15,2
2669,3
9552,2
1844,2
19482,2
1612,1
8689,3
11032,3
12803,2
1337,3
16277,3
1478,3
13699,2
9287,2
16926,3
14792,3
4074,3
431,3
6771,3
2561,2
9529,3
3606,2
19261,3
4415,3
1031,2
6285,2
1110,3
18272,2
11742,2
17137,3
19433,2
16946,2
4764,2
19946,2
8444,3
18900,1
2962,2
12645,2
3462,2
10989,2
7751,1
16332,3
144,2
19279,2
7813,2
10955,2
17289,3
5192,2
12172,3
235,2
