Year,Variable,Unit,Commodity,Population,Production,Imports,Beginning stocks,Supply,Exports,Ending stocks,Amount,PccProc Amount,PccFresh Amount
1970,Vegetables for canning,Pounds,Asparagus,205.052,129.8,3.1,54.9,187.8,8.90834,56.90614978,121.9855102,,0.594900368
1971,Vegetables for canning,Pounds,Asparagus,207.661,134.4,6.6,56.90614978,197.9061498,8.90834,58.37257308,130.6252367,,0.629031145
1972,Vegetables for canning,Pounds,Asparagus,209.896,123.4,12,58.37257308,193.7725731,5.33596,59.8709049,128.5657082,,0.612521002
1973,Vegetables for canning,Pounds,Asparagus,211.909,123.6,15.3,59.8709049,198.7709049,4.54818,57.55462137,136.6681035,,0.644937702
1974,Vegetables for canning,Pounds,Asparagus,213.854,149.4,10.8,57.55462137,217.7546214,4.82307,100.2841987,112.6473526,,0.526748869
1975,Vegetables for canning,Pounds,Asparagus,215.973,86.4,9.8,100.2841987,196.4841987,6.08923,64.27530598,126.1196628,,0.583960323
1976,Vegetables for canning,Pounds,Asparagus,218.035,82.5,7.4,64.27530598,154.175306,3.42839,34.51525181,116.2316642,,0.533087184
1977,Vegetables for canning,Pounds,Asparagus,220.239,96.9,12.9,34.51525181,144.3152518,3.22371,41.68456165,99.40698016,,0.451359569
1978,Vegetables for canning,Pounds,Asparagus,222.585,86.46,7,41.68456165,135.1445616,4.12335,46.63511784,84.3860938,,0.379118511
1979,Vegetables for canning,Pounds,Asparagus,225.055,78.86,6.3,9.9,95.06,5.0203,54.3758963,35.6638037,,0.158467058
1980,Vegetables for canning,Pounds,Asparagus,227.726,69.08,9.8,22.01856,100.89856,5.50708,44.77937864,50.61210136,,0.222249991
1981,Vegetables for canning,Pounds,Asparagus,229.966,69.9,5,44.77937864,119.6793786,6.01094,26.842374,86.82606463,,0.377560442
1982,Vegetables for canning,Pounds,Asparagus,232.188,68.9,5.6,26.842374,101.342374,3.2879,31.91078108,66.14369293,,0.284871281
1983,Vegetables for canning,Pounds,Asparagus,234.307,67.9,3.6,31.91078108,103.4107811,2.873,31.21961554,69.31816554,,0.29584334
1984,Vegetables for canning,Pounds,Asparagus,236.348,66.94,8.029,31.21961554,106.1886155,2.593,28.44035519,75.15526034,,0.317985599
1985,Vegetables for canning,Pounds,Asparagus,238.466,67.66,6.404,28.44035519,102.5043552,1.915,31.35037133,69.23898386,,0.290351597
1986,Vegetables for canning,Pounds,Asparagus,240.651,58.66,6.2,31.35037133,96.21037133,1.708,24.16792,70.33445133,,0.292267438
1987,Vegetables for canning,Pounds,Asparagus,242.804,66.3,7.226,24.16792,97.69392,3.238,30.2991,64.15682,,0.264232962
1988,Vegetables for canning,Pounds,Asparagus,245.021,65.86,6.709,30.2991,102.8681,4.387,17.32118,81.15992,,0.331236588
1989,Vegetables for canning,Pounds,Asparagus,247.342,77.66,4.09215694,17.32118,99.07333694,3.765,20.42458,74.88375694,,0.302753907
1990,Vegetables for canning,Pounds,Asparagus,250.132,76.74,2.35814166,20.42458,99.52272166,4.65227114,20.18262,74.68783052,,0.298593665
1991,Vegetables for canning,Pounds,Asparagus,253.493,70.8,2.16033208,20.18262,93.14295208,3.809389,18.6204,70.71316308,,0.278955092
1992,Vegetables for canning,Pounds,Asparagus,256.894,77.34,1.960052,18.6204,97.920452,3.904,20.34042,73.676032,,0.286795456
1993,Vegetables for canning,Pounds,Asparagus,260.255,70.8,4.08731842,20.34042,95.22773842,3.97835168,18.6204,72.62898674,,0.279068555
1994,Vegetables for canning,Pounds,Asparagus,263.436,67.72,2.2412071,18.6204,88.5816071,5.65718636,17.81036,65.11406074,,0.247172219
1995,Vegetables for canning,Pounds,Asparagus,266.557,75.1,1.82603256,17.81036,94.73639256,5.59505298,19.7513,69.39003958,,0.260319705
1996,Vegetables for canning,Pounds,Asparagus,269.667,70.06,3.0475722,19.7513,92.8588722,8.73702512,18.42578,65.69606708,,0.243619231
1997,Vegetables for canning,Pounds,Asparagus,272.912,56.82,2.56873318,18.42578,77.81451318,10.91347218,14.94366,51.957381,,0.190381445
1998,Vegetables for canning,Pounds,Asparagus,276.115,57.98,3.23676614,14.94366,76.16042614,8.45853694,15.24874,52.4531492,,0.189968488
1999,Vegetables for canning,Pounds,Asparagus,279.295,61.14,2.59901724,15.24874,78.98775724,3.93207952,16.07982,58.97585772,,0.211159733
2000,Vegetables for canning,Pounds,Asparagus,282.385,63,4.45580844,16.07982,83.53562844,4.70078932,16.569,62.26583912,,0.220499811
2001,Vegetables for canning,Pounds,Asparagus,285.309019,59.4,3.44808722,16.569,79.41708722,1.64474056,15.6222,62.15014666,,0.217834497
2002,Vegetables for canning,Pounds,Asparagus,288.104818,52.3,4.6771872,15.6222,72.5993872,1.6082833,13.7549,57.2362039,,0.198664515
2003,Vegetables for canning,Pounds,Asparagus,290.819634,57.3,12.63927386,13.7549,83.69417386,1.72817636,15.0699,66.8960975,,0.23002607
2004,Vegetables for canning,Pounds,Asparagus,293.463185,42.6,14.81231448,15.0699,72.48221448,1.359476718,11.2038,59.91893776,,0.204178721
2005,Vegetables for canning,Pounds,Asparagus,296.186216,32.2,22.61226004,11.2038,66.01606004,1.04456064,8.4686,56.5028994,,0.19076816
2006,Vegetables for canning,Pounds,Asparagus,298.995825,16,32.86605502,8.4686,57.33465502,0.943204382,4.208,52.18345064,,0.174529028
2007,Vegetables for canning,Pounds,Asparagus,302.003917,11.8,31.10069872,4.208,47.10869872,0.698971949,3.1034,43.30632678,,0.143396573
2008,Vegetables for canning,Pounds,Asparagus,304.797761,14.2,49.74915015,3.1034,67.05255015,0.433806076,3.7346,62.88414408,,0.206314324
2009,Vegetables for canning,Pounds,Asparagus,307.439406,10.2,38.33376576,3.7346,52.26836576,0.699028431,2.6826,48.88673733,,0.159012594
2010,Vegetables for canning,Pounds,Asparagus,309.76667,4.2,28.06924719,2.6826,34.95184719,0.64126849,1.1046,33.2059787,,0.107196745
2011,Vegetables for canning,Pounds,Asparagus,312.138672,6.2,36.24698177,1.1046,43.55158177,0.233110787,1.6306,41.68787098,,0.133555611
2012,Vegetables for canning,Pounds,Asparagus,314.334945,4.4,37.55499499,1.6306,43.58559499,0.718229746,1.1572,41.71016524,,0.132693377
2013,Vegetables for canning,Pounds,Asparagus,316.505959,4.4,30.69990794,1.1572,36.25710794,0.264765118,1.1572,34.83514282,,0.11006157
2014,Vegetables for canning,Pounds,Asparagus,318.839403,4,18.40534326,1.1572,23.56254326,0.230337772,1.052,22.28020549,,0.069879084
2015,Vegetables for canning,Pounds,Asparagus,321.132158,4.6,16.55480887,1.052,22.20680887,0.314633666,1.2098,20.6823752,,0.06440456
1970,Vegetables for canning,Pounds,Lima beans,205.052,46.9,,,46.9,,,46.9,,0.22872247
1971,Vegetables for canning,Pounds,Lima beans,207.661,51.8,,,51.8,,,51.8,,0.249445009
1972,Vegetables for canning,Pounds,Lima beans,209.896,44.1,,,44.1,,,44.1,,0.210104052
1973,Vegetables for canning,Pounds,Lima beans,211.909,52.4,,,52.4,,,52.4,,0.247275953
1974,Vegetables for canning,Pounds,Lima beans,213.854,36.5,,,36.5,,,36.5,,0.170677191
1975,Vegetables for canning,Pounds,Lima beans,215.973,59.8,,,59.8,,,59.8,,0.276886463
1976,Vegetables for canning,Pounds,Lima beans,218.035,38.9,,,38.9,,,38.9,,0.178411723
1977,Vegetables for canning,Pounds,Lima beans,220.239,39,,,39,,,39,,0.177080354
1978,Vegetables for canning,Pounds,Lima beans,222.585,50.1,,,50.1,,,50.1,,0.225082553
1979,Vegetables for canning,Pounds,Lima beans,225.055,48.7,,,48.7,,,48.7,,0.216391549
1980,Vegetables for canning,Pounds,Lima beans,227.726,35.68,,,35.68,,,35.68,,0.156679518
1981,Vegetables for canning,Pounds,Lima beans,229.966,38.6,,,38.6,,,38.6,,0.1678509
1982,Vegetables for canning,Pounds,Lima beans,232.188,52.31960191,,,52.31960191,,,52.31960191,,0.225332928
1983,Vegetables for canning,Pounds,Lima beans,234.307,36.23619369,,,36.23619369,,,36.23619369,,0.15465263
1984,Vegetables for canning,Pounds,Lima beans,236.348,50.42801769,,,50.42801769,,,50.42801769,,0.21336342
1985,Vegetables for canning,Pounds,Lima beans,238.466,49.92030031,,,49.92030031,,,49.92030031,,0.209339278
1986,Vegetables for canning,Pounds,Lima beans,240.651,33.07239553,,,33.07239553,,,33.07239553,,0.137428872
1987,Vegetables for canning,Pounds,Lima beans,242.804,36.90835758,,,36.90835758,,,36.90835758,,0.152008853
1988,Vegetables for canning,Pounds,Lima beans,245.021,29.10276452,,,29.10276452,,,29.10276452,,0.118776613
1989,Vegetables for canning,Pounds,Lima beans,247.342,34.42593412,,,34.42593412,,,34.42593412,,0.139183536
1990,Vegetables for canning,Pounds,Lima beans,250.132,30.08113142,,,30.08113142,,,30.08113142,,0.120261028
1991,Vegetables for canning,Pounds,Lima beans,253.493,22.98207426,,,22.98207426,,,22.98207426,,0.090661574
1992,Vegetables for canning,Pounds,Lima beans,256.894,15.84,,,15.84,,,15.84,,0.061659673
1993,Vegetables for canning,Pounds,Lima beans,260.255,12.98,,,12.98,,,12.98,,0.049874162
1994,Vegetables for canning,Pounds,Lima beans,263.436,23.9,,,23.9,,,23.9,,0.090724123
1995,Vegetables for canning,Pounds,Lima beans,266.557,18.94,,,18.94,,,18.94,,0.071054221
1996,Vegetables for canning,Pounds,Lima beans,269.667,20.54,,,20.54,,,20.54,,0.076168015
1997,Vegetables for canning,Pounds,Lima beans,272.912,28.14,,,28.14,,,28.14,,0.10311016
1998,Vegetables for canning,Pounds,Lima beans,276.115,29.18,,,29.18,,,29.18,,0.105680604
1999,Vegetables for canning,Pounds,Lima beans,279.295,16.76,,,16.76,,,16.76,,0.060008235
2000,Vegetables for canning,Pounds,Lima beans,282.385,16.26,,,16.26,,,16.26,,0.057580962
2001,Vegetables for canning,Pounds,Lima beans,285.309019,16.32,,,16.32,,,16.32,,0.057201136
2002,Vegetables for canning,Pounds,Lima beans,288.104818,16.46,,,16.46,,,16.46,,0.057131985
2003,Vegetables for canning,Pounds,Lima beans,290.819634,11.16,,,11.16,,,11.16,,0.0383743
2004,Vegetables for canning,Pounds,Lima beans,293.463185,9.3,,,9.3,,,9.3,,0.031690517
2005,Vegetables for canning,Pounds,Lima beans,296.186216,10.68,,,10.68,,,10.68,,0.036058396
2006,Vegetables for canning,Pounds,Lima beans,298.995825,10.94,,,10.94,,,10.94,,0.03658914
2007,Vegetables for canning,Pounds,Lima beans,302.003917,8.26,,,8.26,,,8.26,,0.027350639
2008,Vegetables for canning,Pounds,Lima beans,304.797761,10.04,,,10.04,,,10.04,,0.032939875
2009,Vegetables for canning,Pounds,Lima beans,307.439406,8.98,,,8.98,,,8.98,,0.029209008
2010,Vegetables for canning,Pounds,Lima beans,309.76667,10.78,,,10.78,,,10.78,,0.034800387
2011,Vegetables for canning,Pounds,Lima beans,312.138672,7.14,,,7.14,,,7.14,,0.022874449
2012,Vegetables for canning,Pounds,Lima beans,314.334945,9.34,,,9.34,,,9.34,,0.029713527
2013,Vegetables for canning,Pounds,Lima beans,316.505959,17.08,,,17.08,,,17.08,,0.053964229
2014,Vegetables for canning,Pounds,Lima beans,318.839403,11.02,,,11.02,,,11.02,,0.034562855
2015,Vegetables for canning,Pounds,Lima beans,321.132158,10.75,,,10.75,,,10.75,,0.033475315
1970,Vegetables for canning,Pounds,Snap beans,205.052,875.4,0.5,,875.9,3.6,644,228.3,,1.113376119
1971,Vegetables for canning,Pounds,Snap beans,207.661,913.7,0.7,644,1558.4,2.2,608.9,947.3,,4.561761717
1972,Vegetables for canning,Pounds,Snap beans,209.896,924.2,0.8,608.9,1533.9,2.6,562.3,969,,4.616572017
1973,Vegetables for canning,Pounds,Snap beans,211.909,1095,1.1,562.3,1658.4,3.1,616.3,1039,,4.903048006
1974,Vegetables for canning,Pounds,Snap beans,213.854,1172,1,616.3,1789.3,5.7,742,1041.6,,4.870612661
1975,Vegetables for canning,Pounds,Snap beans,215.973,1061.2,0.8,742,1804,4.4,839.3,960.3,,4.446389132
1976,Vegetables for canning,Pounds,Snap beans,218.035,933.2,0.8,839.3,1773.3,25.2,685.1,1063,,4.875364047
1977,Vegetables for canning,Pounds,Snap beans,220.239,1037.8,0.8,685.1,1723.7,18,645,1060.7,,4.816131566
1978,Vegetables for canning,Pounds,Snap beans,222.585,1086.1,1.2,645,1732.3,17.7,641.7,1072.9,,4.820181054
1979,Vegetables for canning,Pounds,Snap beans,225.055,1203.5,1.6,641.7,1846.8,15.2,765.8,1065.8,,4.735731266
1980,Vegetables for canning,Pounds,Snap beans,227.726,1087.3,1.4,765.8,1854.5,13.8,803.6,1037.1,,4.554157189
1981,Vegetables for canning,Pounds,Snap beans,229.966,975.3,1.1,803.6,1780,15,698.7,1066.3,,4.636772392
1982,Vegetables for canning,Pounds,Snap beans,232.188,900.1,0.9,698.7,1599.7,17.9,607.7,974.1,,4.195307251
1983,Vegetables for canning,Pounds,Snap beans,234.307,817.9,1.6,607.7,1427.2,11.1,465.6,950.5,,4.056643634
1984,Vegetables for canning,Pounds,Snap beans,236.348,929.1,3.6,465.6,1398.3,11.3,518.5,868.5,,3.67466617
1985,Vegetables for canning,Pounds,Snap beans,238.466,978.4,11.7,518.5,1508.6,10.8,601.9,895.9,,3.756929709
1986,Vegetables for canning,Pounds,Snap beans,240.651,840.2,10.3,601.9,1452.4,12.3,511.7,928.4,,3.857868864
1987,Vegetables for canning,Pounds,Snap beans,242.804,961.6,3.5,511.7,1476.8,10.2,553.9,912.7,,3.758999028
1988,Vegetables for canning,Pounds,Snap beans,245.021,801.3,4.3,553.9,1359.5,11.8,420.7,927,,3.783349182
1989,Vegetables for canning,Pounds,Snap beans,247.342,1193.8,5.6,420.7,1620.1,10.4,653,956.7,,3.867923765
1990,Vegetables for canning,Pounds,Snap beans,250.132,1038,5.2,653,1696.2,8,764.9,923.3,,3.691251019
1991,Vegetables for canning,Pounds,Snap beans,253.493,1079.4,4.2,764.9,1848.5,17.8,804.5,1026.2,,4.048238018
1992,Vegetables for canning,Pounds,Snap beans,256.894,908.7,5.2,804.5,1718.4,10.1,685.9,1022.4,,3.979851612
1993,Vegetables for canning,Pounds,Snap beans,260.255,857.8,12.9,685.9,1556.6,7.5,518.6,1030.5,,3.959578106
1994,Vegetables for canning,Pounds,Snap beans,263.436,1076.1,19.3,518.6,1614,6.7,607.4,999.9,,3.795608801
1995,Vegetables for canning,Pounds,Snap beans,266.557,953.5,16.5,607.4,1577.4,4.4,632.9,940.1,,3.526825407
1996,Vegetables for canning,Pounds,Snap beans,269.667,1073.4,17.1,632.9,1723.4,4.6,681.6,1037.2,,3.846225159
1997,Vegetables for canning,Pounds,Snap beans,272.912,943.9,23.6,681.6,1649.1,5,651.3,992.8,,3.637802662
1998,Vegetables for canning,Pounds,Snap beans,276.115,940.6,31.7,651.3,1623.6,6.8,581.1,1035.7,,3.750973326
1999,Vegetables for canning,Pounds,Snap beans,279.295,1056.2,34.2,581.1,1671.5,7,640.7,1023.8,,3.665658175
2000,Vegetables for canning,Pounds,Snap beans,282.385,1181.74,29.20306733,640.7,1851.643067,9.315859264,709.044,1133.283208,,4.01325569
2001,Vegetables for canning,Pounds,Snap beans,285.309019,868.24,32.06862881,709.044,1609.352629,9.69926628,520.944,1078.709363,,3.780845647
2002,Vegetables for canning,Pounds,Snap beans,288.104818,1069.42,27.26578012,520.944,1617.62978,8.066203144,641.652,967.911577,,3.359581362
2003,Vegetables for canning,Pounds,Snap beans,290.819634,1006.94,32.08436828,641.652,1680.676368,6.632010152,604.164,1069.880358,,3.678845006
2004,Vegetables for canning,Pounds,Snap beans,293.463185,1147.92,35.39664354,604.164,1787.480644,3.300532248,688.752,1095.428111,,3.732761611
2005,Vegetables for canning,Pounds,Snap beans,296.186216,1160.62,34.23847729,688.752,1883.610477,2.514060608,696.372,1184.724417,,3.999930965
2006,Vegetables for canning,Pounds,Snap beans,298.995825,1080.22,55.10373284,696.372,1831.695733,6.134548054,648.132,1177.429185,,3.937945236
2007,Vegetables for canning,Pounds,Snap beans,302.003917,967.52,39.54608224,648.132,1655.198082,13.36909677,580.512,1061.316985,,3.514249073
2008,Vegetables for canning,Pounds,Snap beans,304.797761,1046.08,32.40813722,580.512,1659.000137,15.80198864,627.648,1015.550149,,3.331881918
2009,Vegetables for canning,Pounds,Snap beans,307.439406,1189.28,28.86142999,627.648,1845.78943,16.95308412,713.568,1115.268346,,3.627603762
2010,Vegetables for canning,Pounds,Snap beans,309.76667,1019.56,33.10065245,713.568,1766.228652,17.14711273,611.736,1137.34554,,3.671620125
2011,Vegetables for canning,Pounds,Snap beans,312.138672,913.08,27.57146825,611.736,1552.387468,17.27982258,547.848,987.2596457,,3.162887954
2012,Vegetables for canning,Pounds,Snap beans,314.334945,911.66,29.86486278,547.848,1489.372863,20.7017869,546.996,921.6750759,,2.932143214
2013,Vegetables for canning,Pounds,Snap beans,316.505959,850.22,37.13569954,546.996,1434.3517,16.41385611,510.132,907.8058434,,2.868210906
2014,Vegetables for canning,Pounds,Snap beans,318.839403,889.52,38.76181899,510.132,1438.413819,18.47627261,533.712,886.2255464,,2.779535835
2015,Vegetables for canning,Pounds,Snap beans,321.132158,995.62,31.98935183,533.712,1561.321352,17.426385,597.372,946.5229668,,2.94745619
1970,Vegetables for canning,Pounds,Beets,205.052,411.3,,233.4,644.7,,281.2,363.5,,1.772721066
1971,Vegetables for canning,Pounds,Beets,207.661,379.5,,281.2,660.7,,237.5,423.2,,2.03793683
1972,Vegetables for canning,Pounds,Beets,209.896,329.8,,237.5,567.3,,148.1,419.2,,1.997179556
1973,Vegetables for canning,Pounds,Beets,211.909,401.7,,148.1,549.8,,150.8,399,,1.882883691
1974,Vegetables for canning,Pounds,Beets,213.854,482.2,,150.8,633,,256.9,376.1,,1.75867648
1975,Vegetables for canning,Pounds,Beets,215.973,462.2,,256.9,719.1,,344.2,374.9,,1.735865131
1976,Vegetables for canning,Pounds,Beets,218.035,314.7,,344.2,658.9,,255.8,403.1,,1.848785745
1977,Vegetables for canning,Pounds,Beets,220.239,412.4,,255.8,668.2,,229.9,438.3,,1.990110743
1978,Vegetables for canning,Pounds,Beets,222.585,443.2,,229.9,673.1,,250,423.1,,1.900846867
1979,Vegetables for canning,Pounds,Beets,225.055,499.44,,250,749.44,,360.8,388.64,,1.726866766
1980,Vegetables for canning,Pounds,Beets,227.726,410.74,,360.8,771.54,,357.2,414.34,,1.819467255
1981,Vegetables for canning,Pounds,Beets,229.966,311.4,,357.2,668.6,,297.3,371.3,,1.614586504
1982,Vegetables for canning,Pounds,Beets,232.188,318.5709091,,297.3,615.8709091,,299.1,316.7709091,,1.364286307
1983,Vegetables for canning,Pounds,Beets,234.307,258.0338843,,299.1,557.1338843,,253.4,303.7338843,,1.296307342
1984,Vegetables for canning,Pounds,Beets,236.348,259.2641923,,253.4,512.6641923,,204.9,307.7641923,,1.302165419
1985,Vegetables for canning,Pounds,Beets,238.466,263.6175302,,204.9,468.5175302,,241.7,226.8175302,,0.951152492
1986,Vegetables for canning,Pounds,Beets,240.651,249.2899862,,241.7,490.9899862,,212.6,278.3899862,,1.1568204
1987,Vegetables for canning,Pounds,Beets,242.804,259.7980039,,212.6,472.3980039,,259.8,212.5980039,,0.875595146
1988,Vegetables for canning,Pounds,Beets,245.021,250.2023507,,,250.2023507,,,250.2023507,,1.021146558
1989,Vegetables for canning,Pounds,Beets,247.342,238.8680874,,,238.8680874,,,238.8680874,,0.965740098
1990,Vegetables for canning,Pounds,Beets,250.132,255.9325423,,,255.9325423,,,255.9325423,,1.023189925
1991,Vegetables for canning,Pounds,Beets,253.493,239.5692864,,,239.5692864,,,239.5692864,,0.945072591
1992,Vegetables for canning,Pounds,Beets,256.894,235.44,,,235.44,,,235.44,,0.916486956
1993,Vegetables for canning,Pounds,Beets,260.255,216.42,,,216.42,,,216.42,,0.831569038
1994,Vegetables for canning,Pounds,Beets,263.436,299.24,,,299.24,,,299.24,,1.135911569
1995,Vegetables for canning,Pounds,Beets,266.557,300,,,300,,,300,,1.125462847
1996,Vegetables for canning,Pounds,Beets,269.667,251.74,,,251.74,,,251.74,,0.933521714
1997,Vegetables for canning,Pounds,Beets,272.912,244,,,244,,,244,,0.894061089
1998,Vegetables for canning,Pounds,Beets,276.115,207.06,,,207.06,,,207.06,,0.749904931
1999,Vegetables for canning,Pounds,Beets,279.295,234.4,,,234.4,,,234.4,,0.839255984
2000,Vegetables for canning,Pounds,Beets,282.385,226.32,,,226.32,,,226.32,,0.801460196
2001,Vegetables for canning,Pounds,Beets,285.309019,222.36,,,222.36,,,222.36,,0.779365478
2002,Vegetables for canning,Pounds,Beets,288.104818,134.444,,,134.444,,,134.444,,0.466649607
2003,Vegetables for canning,Pounds,Beets,290.819634,160.2212174,,,160.2212174,,,160.2212174,,0.55092985
2004,Vegetables for canning,Pounds,Beets,293.463185,188.7294783,,,188.7294783,,,188.7294783,,0.643111259
2005,Vegetables for canning,Pounds,Beets,296.186216,169.0851304,,,169.0851304,,,169.0851304,,0.570874407
2006,Vegetables for canning,Pounds,Beets,298.995825,120.2617391,,,120.2617391,,,120.2617391,,0.402218791
2007,Vegetables for canning,Pounds,Beets,302.003917,126.6,,,126.6,,,126.6,,0.419199861
2008,Vegetables for canning,Pounds,Beets,304.797761,163.8766667,,,163.8766667,,,163.8766667,,0.498936517
2009,Vegetables for canning,Pounds,Beets,307.439406,142.9185673,,,142.9185673,,,142.9185673,,0.466183871
2010,Vegetables for canning,Pounds,Beets,309.76667,136.0147953,,,136.0147953,,,136.0147953,,0.475297908
2011,Vegetables for canning,Pounds,Beets,312.138672,138.2797206,,,138.2797206,,,138.2797206,,0.517152969
2012,Vegetables for canning,Pounds,Beets,314.334945,130.2240632,,,130.2240632,,,130.2240632,,0.556266541
2013,Vegetables for canning,Pounds,Beets,316.505959,,,,,,,,,0.530727675
2014,Vegetables for canning,Pounds,Beets,318.839403,,,,,,,,,0.538267638
2015,Vegetables for canning,Pounds,Beets,321.132158,,,,,,,,,0.534387188
1970,Vegetables for canning,Pounds,Cabbage for sauerkraut,205.052,532.2,0.1,,532.3,,422.7,109.6,,0.534498566
1971,Vegetables for canning,Pounds,Cabbage for sauerkraut,207.661,469.9,0.2,422.7,892.8,,380.3,512.5,,2.467964615
1972,Vegetables for canning,Pounds,Cabbage for sauerkraut,209.896,396.2,0.3,380.3,776.8,,317.9,458.9,,2.186320845
1973,Vegetables for canning,Pounds,Cabbage for sauerkraut,211.909,438.3,0.3,317.9,756.5,,305.2,451.3,,2.129687743
1974,Vegetables for canning,Pounds,Cabbage for sauerkraut,213.854,562.9,0.4,305.2,868.5,,383.9,484.6,,2.266031966
1975,Vegetables for canning,Pounds,Cabbage for sauerkraut,215.973,479.5,0.2,383.9,863.6,,420.2,443.4,,2.053034407
1976,Vegetables for canning,Pounds,Cabbage for sauerkraut,218.035,464.1,0.4,420.2,884.7,,400.9,483.8,,2.218909808
1977,Vegetables for canning,Pounds,Cabbage for sauerkraut,220.239,469.5,0.5,400.9,870.9,,389.1,481.8,,2.187623445
1978,Vegetables for canning,Pounds,Cabbage for sauerkraut,222.585,435.6,0.2,389.1,824.9,,359.8,465.1,,2.089538828
1979,Vegetables for canning,Pounds,Cabbage for sauerkraut,225.055,475.6,0.4,359.8,835.8,,372.6,463.2,,2.05816356
1980,Vegetables for canning,Pounds,Cabbage for sauerkraut,227.726,418,0.3,372.6,790.9,,338.8,452.1,,1.985280556
1981,Vegetables for canning,Pounds,Cabbage for sauerkraut,229.966,492.2,0.3,338.8,831.3,,365.2,466.1,,2.026821356
1982,Vegetables for canning,Pounds,Cabbage for sauerkraut,232.188,440.2,0.8,365.2,806.2,,412.1,394.1,,1.697331473
1983,Vegetables for canning,Pounds,Cabbage for sauerkraut,234.307,302.7,1.8,412.1,716.6,,229.6,487,,2.0784697
1984,Vegetables for canning,Pounds,Cabbage for sauerkraut,236.348,433.6,2.7,229.6,665.9,,264.7,401.2,,1.697496911
1985,Vegetables for canning,Pounds,Cabbage for sauerkraut,238.466,426.8,3.1,264.7,694.6,,314.8,379.8,,1.592679879
1986,Vegetables for canning,Pounds,Cabbage for sauerkraut,240.651,315.4,3.2,314.8,633.4,,260.3,373.1,,1.550377933
1987,Vegetables for canning,Pounds,Cabbage for sauerkraut,242.804,379,2.8,260.3,642.1,,250.9,391.2,,1.611176093
1988,Vegetables for canning,Pounds,Cabbage for sauerkraut,245.021,324.5,2.2,250.9,577.6,,226.3,351.3,,1.433754658
1989,Vegetables for canning,Pounds,Cabbage for sauerkraut,247.342,374.5,7.9,226.3,608.7,2.2,289.2,317.3,,1.282839146
1990,Vegetables for canning,Pounds,Cabbage for sauerkraut,250.132,315.4,3.6,289.2,608.2,5.1,304.5,298.6,,1.19376969
1991,Vegetables for canning,Pounds,Cabbage for sauerkraut,253.493,324.5,1.6,304.5,630.6,6.7,260,363.9,,1.435542599
1992,Vegetables for canning,Pounds,Cabbage for sauerkraut,256.894,331,2,260,593,14.3,284.1,294.6,,1.146776491
1993,Vegetables for canning,Pounds,Cabbage for sauerkraut,260.255,269,3.9,284.1,557,15.5,189.4,352.1,,1.352903883
1994,Vegetables for canning,Pounds,Cabbage for sauerkraut,263.436,369.9,12,189.4,571.3,16.1,232.4,322.8,,1.225345055
1995,Vegetables for canning,Pounds,Cabbage for sauerkraut,266.557,347.7,3.5,232.4,583.6,14.7,203.1,365.8,,1.372314364
1996,Vegetables for canning,Pounds,Cabbage for sauerkraut,269.667,283.8,2.9,203.1,489.8,20.4,202.8,266.6,,0.988626714
1997,Vegetables for canning,Pounds,Cabbage for sauerkraut,272.912,367.3,3.7,202.8,573.8,36,145.8,392,,1.436360439
1998,Vegetables for canning,Pounds,Cabbage for sauerkraut,276.115,345.1,4.9,145.8,495.8,14.6,99.7,381.5,,1.381670681
1999,Vegetables for canning,Pounds,Cabbage for sauerkraut,279.295,355.8,5.9,99.7,461.4,13.6,102.8,345,,1.235253048
2000,Vegetables for canning,Pounds,Cabbage for sauerkraut,282.385,416.54,5.821863762,102.8,525.1618638,17.0228946,120.3066944,387.8322748,,1.3734167
2001,Vegetables for canning,Pounds,Cabbage for sauerkraut,285.309019,348.72,5.791716359,120.3066944,474.8184108,18.60118932,95.71865961,360.4985618,,1.26353721
2002,Vegetables for canning,Pounds,Cabbage for sauerkraut,288.104818,350.2409973,8.773080173,95.71865961,454.7327371,19.18398322,96.13615165,339.4126022,,1.178087213
2003,Vegetables for canning,Pounds,Cabbage for sauerkraut,290.819634,315.9258273,8.229666588,96.13615165,420.2916455,16.08148213,86.71712756,317.4930358,,1.091718023
2004,Vegetables for canning,Pounds,Cabbage for sauerkraut,293.463185,329.1557001,10.07335215,86.71712756,425.9461798,17.41990078,90.34853869,318.1777403,,1.084216885
2005,Vegetables for canning,Pounds,Cabbage for sauerkraut,296.186216,381.84,9.24662882,90.34853869,481.4351675,17.36762942,104.8096266,359.2579115,,1.212946086
2006,Vegetables for canning,Pounds,Cabbage for sauerkraut,298.995825,363.3817176,10.46970768,104.8096266,478.6610519,17.663361,99.74309169,361.2545992,,1.208226233
2007,Vegetables for canning,Pounds,Cabbage for sauerkraut,302.003917,294.0079292,8.724149434,99.74309169,402.4751704,17.93489667,80.70097757,303.8392961,,1.006077335
2008,Vegetables for canning,Pounds,Cabbage for sauerkraut,304.797761,295.2139855,8.302695914,80.70097757,384.217659,17.66718185,81.0320228,285.5184543,,0.936747217
2009,Vegetables for canning,Pounds,Cabbage for sauerkraut,307.439406,306.8364737,7.808876976,81.0320228,395.6773735,19.60238356,84.22222982,291.8527601,,0.94930173
2010,Vegetables for canning,Pounds,Cabbage for sauerkraut,309.76667,320.3969052,10.83779515,84.22222982,415.4569301,18.44568306,87.94437458,309.0668725,,0.997740888
2011,Vegetables for canning,Pounds,Cabbage for sauerkraut,312.138672,331.4356345,15.42517477,87.94437458,434.8051839,25.22872927,90.97434813,318.6021065,,1.020706933
2012,Vegetables for canning,Pounds,Cabbage for sauerkraut,314.334945,340.5015818,55.12299443,90.97434813,486.5989244,30.84912412,93.4628212,362.2869791,,1.152550758
2013,Vegetables for canning,Pounds,Cabbage for sauerkraut,316.505959,360.7783651,17.05204969,93.4628212,471.293236,32.9520003,99.02850862,339.3127271,,1.072057942
2014,Vegetables for canning,Pounds,Cabbage for sauerkraut,318.839403,381.0104197,16.22194901,99.02850862,496.2608774,30.23911461,104.5819187,361.4398441,,1.133610967
2015,Vegetables for canning,Pounds,Cabbage for sauerkraut,321.132158,400.5638278,23.15601075,104.5819187,528.3017573,31.84559833,109.9490499,386.507109,,1.20357647
1970,Vegetables for canning,Pounds,Carrots,205.052,405.4,,,405.4,,,405.4,,1.977059478
1971,Vegetables for canning,Pounds,Carrots,207.661,458,,,458,,,458,,2.205517647
1972,Vegetables for canning,Pounds,Carrots,209.896,401.5,,,401.5,,,401.5,,1.912852079
1973,Vegetables for canning,Pounds,Carrots,211.909,553.8,,,553.8,,,553.8,,2.613385935
1974,Vegetables for canning,Pounds,Carrots,213.854,512,,,512,,,512,,2.394156761
1975,Vegetables for canning,Pounds,Carrots,215.973,357.4,,,357.4,,,357.4,,1.654836484
1976,Vegetables for canning,Pounds,Carrots,218.035,362.6,,,362.6,,,362.6,,1.663035751
1977,Vegetables for canning,Pounds,Carrots,220.239,373.5,,,373.5,,,373.5,,1.695884925
1978,Vegetables for canning,Pounds,Carrots,222.585,411.1,,,411.1,,,411.1,,1.846934879
1979,Vegetables for canning,Pounds,Carrots,225.055,445.6,,267.8,713.4,,305.4,408,,1.812890182
1980,Vegetables for canning,Pounds,Carrots,227.726,370.4,10.6,305.4,686.4,,279.6,406.8,,1.786357289
1981,Vegetables for canning,Pounds,Carrots,229.966,240.8,11.4,279.6,531.8,,173.2,358.6,,1.559360949
1982,Vegetables for canning,Pounds,Carrots,232.188,299.7,10.3,173.2,483.2,,205.5,277.7,,1.196013575
1983,Vegetables for canning,Pounds,Carrots,234.307,400.4,11.9,205.5,617.8,,325.2,292.6,,1.248788982
1984,Vegetables for canning,Pounds,Carrots,236.348,333.9,13.2,325.2,672.3,,223,449.3,,1.901010375
1985,Vegetables for canning,Pounds,Carrots,238.466,279.4,16.3,223,518.7,,184.9,333.8,,1.399780262
1986,Vegetables for canning,Pounds,Carrots,240.651,255.9,19.3,184.9,460.1,,172.8,287.3,,1.193845029
1987,Vegetables for canning,Pounds,Carrots,242.804,246.3,19.3,172.8,438.4,,186.5,251.9,,1.037462315
1988,Vegetables for canning,Pounds,Carrots,245.021,162.5,14.4,186.5,363.4,,100.6,262.8,,1.072561127
1989,Vegetables for canning,Pounds,Carrots,247.342,264.3,14.3,100.6,379.2,,153.6,225.6,,0.91209742
1990,Vegetables for canning,Pounds,Carrots,250.132,284.8,13,,297.8,,,297.8,,1.190571378
1991,Vegetables for canning,Pounds,Carrots,253.493,281.3,10.1,,291.4,,,291.4,,1.149538646
1992,Vegetables for canning,Pounds,Carrots,256.894,433.8,9.6,,443.4,,,443.4,,1.726003721
1993,Vegetables for canning,Pounds,Carrots,260.255,262.5,10,,272.5,,,272.5,,1.047050009
1994,Vegetables for canning,Pounds,Carrots,263.436,368.8,11.2,,380,,,380,,1.442475592
1995,Vegetables for canning,Pounds,Carrots,266.557,426.4,8,,434.4,,,434.4,,1.629670202
1996,Vegetables for canning,Pounds,Carrots,269.667,456.6,7.1,,463.7,,,463.7,,1.719528159
1997,Vegetables for canning,Pounds,Carrots,272.912,394.4,8.5,,402.9,,,402.9,,1.476300053
1998,Vegetables for canning,Pounds,Carrots,276.115,392.2,8,,400.2,,,400.2,,1.449396085
1999,Vegetables for canning,Pounds,Carrots,279.295,378.3,7.8,,386.1,,,386.1,,1.382409281
2000,Vegetables for canning,Pounds,Carrots,282.385,286.56592,11.85842763,,298.4243476,,,298.4243476,,1.056799574
2001,Vegetables for canning,Pounds,Carrots,285.309019,307.5232,12.67175854,,320.1949585,,,320.1949585,,1.122274226
2002,Vegetables for canning,Pounds,Carrots,288.104818,272.85,14.23024456,,287.0802446,,,287.0802446,,0.996443748
2003,Vegetables for canning,Pounds,Carrots,290.819634,305.7076,14.30616362,,320.0137636,,,320.0137636,,1.10038569
2004,Vegetables for canning,Pounds,Carrots,293.463185,294.032,15.67495174,,309.7069517,,,309.7069517,,1.055351975
2005,Vegetables for canning,Pounds,Carrots,296.186216,311.9228,19.31150557,,331.2343056,,,331.2343056,,1.118331265
2006,Vegetables for canning,Pounds,Carrots,298.995825,274.414,15.25064922,,289.6646492,,,289.6646492,,0.968791618
2007,Vegetables for canning,Pounds,Carrots,302.003917,256.462,20.55424078,,277.0162408,,,277.0162408,,0.917260423
2008,Vegetables for canning,Pounds,Carrots,304.797761,273.1764,18.11180292,,291.2882029,,,291.2882029,,0.955676977
2009,Vegetables for canning,Pounds,Carrots,307.439406,246.7992,21.74278419,,268.5419842,,,268.5419842,,0.873479388
2010,Vegetables for canning,Pounds,Carrots,309.76667,219.7284,12.56437387,,232.2927739,,,232.2927739,,0.749895958
2011,Vegetables for canning,Pounds,Carrots,312.138672,239.7612,13.77592191,,253.5371219,,,253.5371219,,0.812257963
2012,Vegetables for canning,Pounds,Carrots,314.334945,226.678,16.75607202,,243.434072,,,243.434072,,0.774441645
2013,Vegetables for canning,Pounds,Carrots,316.505959,239.326,11.55504707,,250.8810471,,,250.8810471,,0.79265821
2014,Vegetables for canning,Pounds,Carrots,318.839403,218.8376,11.87918534,,230.7167853,,,230.7167853,,0.723614406
2015,Vegetables for canning,Pounds,Carrots,321.132158,199.92,20.28054987,,220.2005499,,,220.2005499,,0.685700714
1970,Vegetables for canning,Pounds,Corn,205.052,2813.4,,2532.8,5346.2,38.4,2382.8,2925,,14.26467433
1971,Vegetables for canning,Pounds,Corn,207.661,3082.2,,2382.8,5465,36.3,2357.4,3071.3,,14.78997019
1972,Vegetables for canning,Pounds,Corn,209.896,3023.5,,2357.4,5380.9,50.2,2187.3,3143.4,,14.97598811
1973,Vegetables for canning,Pounds,Corn,211.909,2996.6,,2187.3,5183.9,114.9,2001.2,3067.8,,14.47696889
1974,Vegetables for canning,Pounds,Corn,213.854,2772.7,,2001.2,4773.9,126.7,1755.4,2891.8,,13.52230961
1975,Vegetables for canning,Pounds,Corn,215.973,3288.6,,1755.4,5044,123,2320.4,2600.6,,12.04131998
1976,Vegetables for canning,Pounds,Corn,218.035,3110.8,,2320.4,5431.2,130.7,2446.4,2854.1,,13.09010021
1977,Vegetables for canning,Pounds,Corn,220.239,3160.5,,2446.4,5606.9,169.7,2326.9,3110.3,,14.12238523
1978,Vegetables for canning,Pounds,Corn,222.585,3149,,2326.9,5475.9,209.1,2292,2974.8,,13.36478199
1979,Vegetables for canning,Pounds,Corn,225.055,3263,,2292,5555,259.7,2447,2848.3,,12.65601742
1980,Vegetables for canning,Pounds,Corn,227.726,2777.3,14.4,2447,5238.7,301.8,1967.1,2969.8,,13.04111081
1981,Vegetables for canning,Pounds,Corn,229.966,3092.4,11,1967.1,5070.5,386.8,1891.9,2791.8,,12.14005549
1982,Vegetables for canning,Pounds,Corn,232.188,3227.1,12.8,1891.9,5131.8,337.9,2102.8,2691.1,,11.59017693
1983,Vegetables for canning,Pounds,Corn,234.307,2652.6,21.2,2102.8,4776.6,358.5,1694.6,2723.5,,11.62363907
1984,Vegetables for canning,Pounds,Corn,236.348,3164.9,24.5,1694.6,4884,310.7,2158.7,2414.6,,10.21629123
1985,Vegetables for canning,Pounds,Corn,238.466,3058.7,30.2,2158.7,5247.6,331.5,2080.4,2835.7,,11.89142268
1986,Vegetables for canning,Pounds,Corn,240.651,2951.9,36.7,2080.4,5069,416,1744.6,2908.4,,12.08555128
1987,Vegetables for canning,Pounds,Corn,242.804,3276.7,38.3,1744.6,5059.6,493.7,1985.7,2580.2,,10.62667831
1988,Vegetables for canning,Pounds,Corn,245.021,2656.8,49.4,1985.7,4691.9,626.6,1519.7,2545.6,,10.38931357
1989,Vegetables for canning,Pounds,Corn,247.342,3376.1,70.8,1519.7,4966.6,537,2069.6,2360,,9.541444639
1990,Vegetables for canning,Pounds,Corn,250.132,3353.6,48.3,2069.6,5471.5,704.2,2028.7,2738.6,,10.94861913
1991,Vegetables for canning,Pounds,Corn,253.493,3871.2,43.9,2028.7,5943.8,713.1,2424.1,2806.6,,11.07170612
1992,Vegetables for canning,Pounds,Corn,256.894,3684.4,39.8,2424.1,6148.3,811.5,2291.4,3045.4,,11.85469493
1993,Vegetables for canning,Pounds,Corn,260.255,2921.6,39.1,2291.4,5252.1,941.4,1427.1,2883.6,,11.0799024
1994,Vegetables for canning,Pounds,Corn,263.436,4239.7,52.7,1427.1,5719.5,808.8,2257.1,2653.6,,10.07303482
1995,Vegetables for canning,Pounds,Corn,266.557,3414.1,49.4,2257.1,5720.6,883.5,2065.5,2771.6,,10.39777609
1996,Vegetables for canning,Pounds,Corn,269.667,3447.2,21.1,2065.5,5533.8,964.3,1775.5,2794,,10.36092662
1997,Vegetables for canning,Pounds,Corn,272.912,3294.5,28.7,1775.5,5098.7,1052,1550.1,2496.6,,9.148003752
1998,Vegetables for canning,Pounds,Corn,276.115,3321.6,46.3,1550.1,4918,1019.4,1361.4,2537.2,,9.188924904
1999,Vegetables for canning,Pounds,Corn,279.295,3493.6,61.7,1361.4,4916.7,1002.8,1381.5,2532.4,,9.067115416
2000,Vegetables for canning,Pounds,Corn,282.385,3403.94,65.58067542,1381.5,4851.020675,952.7311207,1361.576,2536.713555,,8.983173875
2001,Vegetables for canning,Pounds,Corn,285.309019,3035.14,95.66217371,1361.576,4492.378174,796.2772648,1214.056,2482.044909,,8.699496839
2002,Vegetables for canning,Pounds,Corn,288.104818,2856,103.4826519,1214.056,4173.538652,771.8608697,1142.4,2259.277782,,7.841860466
2003,Vegetables for canning,Pounds,Corn,290.819634,3112.62,132.649626,1142.4,4387.669626,720.7787977,1245.048,2421.842828,,8.327645541
2004,Vegetables for canning,Pounds,Corn,293.463185,2916.54,182.2121834,1245.048,4343.800183,766.8439419,1166.616,2410.340241,,8.213433114
2005,Vegetables for canning,Pounds,Corn,296.186216,3199.4,120.687,1166.616,4486.703,665.01,1279.76,2541.933,,8.582212347
2006,Vegetables for canning,Pounds,Corn,298.995825,2878.06,105.0369379,1279.76,4262.856938,614.3419103,1151.224,2497.291028,,8.352260529
2007,Vegetables for canning,Pounds,Corn,302.003917,2550.92,93.7,1151.224,3795.844,707.7088884,1020.368,2067.767112,,6.846822161
2008,Vegetables for canning,Pounds,Corn,304.797761,2711.54,94.08092491,1020.368,3825.988925,686.7400565,1084.616,2054.632868,,6.740971002
2009,Vegetables for canning,Pounds,Corn,307.439406,3020.76,63.75642493,1084.616,4169.132425,624.9640644,1208.304,2335.864361,,7.597804039
2010,Vegetables for canning,Pounds,Corn,309.76667,2488.62,60.25853559,1208.304,3757.182536,638.8341205,995.448,2122.900415,,6.853224122
2011,Vegetables for canning,Pounds,Corn,312.138672,2251.96,44.36311354,995.448,3291.771114,575.9538173,900.784,1815.033296,,5.814829943
2012,Vegetables for canning,Pounds,Corn,314.334945,2471.82,59.89159933,900.784,3432.495599,604.2851783,988.728,1839.482421,,5.851981939
2013,Vegetables for canning,Pounds,Corn,316.505959,2245.28,45.30779415,988.728,3279.315794,556.9753346,898.112,1824.22846,,5.76364649
2014,Vegetables for canning,Pounds,Corn,318.839403,2343.2,45.64639475,898.112,3286.958395,511.9015319,937.28,1837.776863,,5.763957797
2015,Vegetables for canning,Pounds,Corn,321.132158,2063.28,40.61326114,937.28,3041.173261,501.5973119,825.312,1714.263949,,5.338188364
1970,Vegetables for canning,Pounds,Cucumbers for pickles,205.052,1177.6,3.6,402,1583.2,0.9,421.1,1161.2,,5.662953787
1971,Vegetables for canning,Pounds,Cucumbers for pickles,207.661,1126.2,4.2,421.1,1551.5,0.8,401.7,1149,,5.533056279
1972,Vegetables for canning,Pounds,Cucumbers for pickles,209.896,1142.3,5,401.7,1549,3.4,410.1,1135.5,,5.409822007
1973,Vegetables for canning,Pounds,Cucumbers for pickles,211.909,1197.6,5.2,410.1,1612.9,4.7,409.4,1198.8,,5.657145284
1974,Vegetables for canning,Pounds,Cucumbers for pickles,213.854,1194,6,409.4,1609.4,3.4,378.4,1227.6,,5.740364922
1975,Vegetables for canning,Pounds,Cucumbers for pickles,215.973,1348.5,4.5,378.4,1731.4,3.4,406.5,1321.5,,6.118820408
1976,Vegetables for canning,Pounds,Cucumbers for pickles,218.035,1267.6,5.8,406.5,1679.9,4.3,339.6,1336,,6.127456601
1977,Vegetables for canning,Pounds,Cucumbers for pickles,220.239,1247.7,6.8,339.6,1594.1,5.8,316.3,1272,,5.775543841
1978,Vegetables for canning,Pounds,Cucumbers for pickles,222.585,1370.9,9.7,316.3,1696.9,6.6,343.9,1346.4,,6.04892513
1979,Vegetables for canning,Pounds,Cucumbers for pickles,225.055,1337.9,8,343.9,1689.8,6.3,367.3,1316.2,,5.848348182
1980,Vegetables for canning,Pounds,Cucumbers for pickles,227.726,1218.3,7,367.3,1592.6,6.8,356.8,1229,,5.396836549
1981,Vegetables for canning,Pounds,Cucumbers for pickles,229.966,1150.8,5,356.8,1512.6,7.2,276.5,1228.9,,5.343833436
1982,Vegetables for canning,Pounds,Cucumbers for pickles,232.188,1179.3,7.1,276.5,1462.9,6.7,270.4,1185.8,,5.10706841
1983,Vegetables for canning,Pounds,Cucumbers for pickles,234.307,1207.9,6.7,,1214.6,6.6,,1208,,5.155629153
1984,Vegetables for canning,Pounds,Cucumbers for pickles,236.348,1236.5,7.2,,1243.7,8.2,,1235.5,,5.227461201
1985,Vegetables for canning,Pounds,Cucumbers for pickles,238.466,1388.9,9.8,,1398.7,9.4,,1389.3,,5.825987772
1986,Vegetables for canning,Pounds,Cucumbers for pickles,240.651,1279.1,11,787,2077.1,17.5,778,1281.6,,5.325554434
1987,Vegetables for canning,Pounds,Cucumbers for pickles,242.804,1270.9,9.6,778,2058.5,25.8,688.8,1343.9,,5.534917052
1988,Vegetables for canning,Pounds,Cucumbers for pickles,245.021,1303.2,10.3,688.8,2002.3,22.7,686.1,1293.5,,5.279139339
1989,Vegetables for canning,Pounds,Cucumbers for pickles,247.342,1285.4,11.2,686.1,1982.7,16.1,682.8,1283.8,,5.190384164
1990,Vegetables for canning,Pounds,Cucumbers for pickles,250.132,1307,11.4,682.8,2001.2,19.6,732.4,1249.2,,4.994163082
1991,Vegetables for canning,Pounds,Cucumbers for pickles,253.493,1246.1,10.6,732.4,1989.1,20.4,686.9,1281.8,,5.056549885
1992,Vegetables for canning,Pounds,Cucumbers for pickles,256.894,1116.1,12.1,686.9,1815.1,20.5,627,1167.6,,4.54506528
1993,Vegetables for canning,Pounds,Cucumbers for pickles,260.255,1174,16.7,627,1817.7,19.4,671.9,1126.4,,4.328062861
1994,Vegetables for canning,Pounds,Cucumbers for pickles,263.436,1267,24.7,671.9,1963.6,22.9,681.7,1259,,4.779149395
1995,Vegetables for canning,Pounds,Cucumbers for pickles,266.557,1222.4,25.3,681.7,1929.4,29.9,554.4,1345.1,,5.04620025
1996,Vegetables for canning,Pounds,Cucumbers for pickles,269.667,1127.4,35.2,554.4,1717,33,584.7,1099.3,,4.076509176
1997,Vegetables for canning,Pounds,Cucumbers for pickles,272.912,1240.2,60.5,584.7,1885.4,36.7,419.9,1428.8,,5.235387231
1998,Vegetables for canning,Pounds,Cucumbers for pickles,276.115,1187.4,66.2,419.9,1673.5,30.6,535,1107.9,,4.012458577
1999,Vegetables for canning,Pounds,Cucumbers for pickles,279.295,1256.7,85.3,535,1877,30.1,673.2,1173.7,,4.202366673
2000,Vegetables for canning,Pounds,Cucumbers for pickles,282.385,1226.32,82.68536702,673.2,1982.205367,24.14955329,576.665472,1381.390342,,4.891868696
2001,Vegetables for canning,Pounds,Cucumbers for pickles,285.309019,1163.08,65.25328781,576.665472,1804.99876,17.95851502,721.826864,1065.213381,,3.733542615
2002,Vegetables for canning,Pounds,Cucumbers for pickles,288.104818,1238.62,57.48689873,721.826864,2017.933763,13.72831776,447.26304,1556.942405,,5.404083194
2003,Vegetables for canning,Pounds,Cucumbers for pickles,290.819634,1296.86,87.89754161,447.26304,1832.020582,13.33494115,526.116624,1292.569016,,4.444572736
2004,Vegetables for canning,Pounds,Cucumbers for pickles,293.463185,1187.76,93.96294134,526.116624,1807.839565,16.67665956,358.078272,1433.084634,,4.883354053
2005,Vegetables for canning,Pounds,Cucumbers for pickles,296.186216,1080.16,92.47541825,358.078272,1530.71369,20.21169074,372.666624,1137.835376,,3.841621635
2006,Vegetables for canning,Pounds,Cucumbers for pickles,298.995825,1010.38,95.91567946,372.666624,1478.962303,23.84770654,561.127328,893.9872689,,2.989965726
2007,Vegetables for canning,Pounds,Cucumbers for pickles,302.003917,1082.46,82.37617253,561.127328,1725.963501,37.89251225,560.577216,1127.493772,,3.733374664
2008,Vegetables for canning,Pounds,Cucumbers for pickles,304.797761,1134.2,79.77682583,560.577216,1774.554042,27.7616819,666.577872,1080.214488,,3.544036821
2009,Vegetables for canning,Pounds,Cucumbers for pickles,307.439406,1097.28,112.8132303,666.577872,1876.671102,38.79031424,282.0132,1555.867588,,5.060729229
2010,Vegetables for canning,Pounds,Cucumbers for pickles,309.76667,1102.74,89.67362065,282.0132,1474.426821,42.07526501,272.982528,1159.369028,,3.742717148
2011,Vegetables for canning,Pounds,Cucumbers for pickles,312.138672,964.06,93.29444444,272.982528,1330.336972,61.8437672,386.15832,882.3348852,,2.82674005
2012,Vegetables for canning,Pounds,Cucumbers for pickles,314.334945,960.12,95.0138855,386.15832,1441.292205,97.33887428,409.204464,934.7488672,,2.973735126
2013,Vegetables for canning,Pounds,Cucumbers for pickles,316.505959,946.28,77.83435187,409.204464,1433.318816,98.79667944,316.67616,1017.845976,,3.215882505
2014,Vegetables for canning,Pounds,Cucumbers for pickles,318.839403,1073.82,73.06043307,316.67616,1463.556593,99.24782343,130.66872,1233.64005,,3.869158072
2015,Vegetables for canning,Pounds,Cucumbers for pickles,321.132158,1066.92,89.43870826,130.66872,1287.027428,107.8495634,83.67024,1095.507625,,3.411391845
1970,Vegetables for canning,Pounds,Mushrooms,203.849,148.541,53.952,,202.493,,,202.493,,0.993348017
1971,Vegetables for canning,Pounds,Mushrooms,206.466,165.05,71.776,,236.826,,,236.826,,1.147046003
1972,Vegetables for canning,Pounds,Mushrooms,208.917,177.274,85.75,,263.024,,,263.024,,1.258988019
1973,Vegetables for canning,Pounds,Mushrooms,210.985,177.2,82.017,,259.217,,,259.217,,1.228603929
1974,Vegetables for canning,Pounds,Mushrooms,212.932,172.963,88.575,,261.538,,,261.538,,1.228270058
1975,Vegetables for canning,Pounds,Mushrooms,214.931,167.695,100.05,,267.745,,,267.745,,1.245725372
1976,Vegetables for canning,Pounds,Mushrooms,217.095,195.882,120.999,,316.881,,,316.881,,1.459642092
1977,Vegetables for canning,Pounds,Mushrooms,219.179,207.623,150.760114,,358.383114,,,358.383114,,1.635116111
1978,Vegetables for canning,Pounds,Mushrooms,221.477,224.469,148.278682,,372.747682,0.8868108,,371.8608712,,1.679004462
1979,Vegetables for canning,Pounds,Mushrooms,223.865,214.223,179.308012,,393.531012,1.018156,,392.512856,,1.75334624
1980,Vegetables for canning,Pounds,Mushrooms,226.451,194.524,155.7268,,350.2508,0.5219972,,349.7288028,,1.544390631
1981,Vegetables for canning,Pounds,Mushrooms,228.937,198.014,157.17023,,355.18423,0.6747206,,354.5095094,,1.548502467
1982,Vegetables for canning,Pounds,Mushrooms,231.157,153.592,199.54393,,353.13593,0.4472504,,352.6886796,,1.525753837
1983,Vegetables for canning,Pounds,Mushrooms,233.322,173.456,252.212368,,425.668368,0.7002514,,424.9681166,,1.821380395
1984,Vegetables for canning,Pounds,Mushrooms,235.385,175.768,243.316052,,419.084052,0.969698234,,418.1143538,,1.776299908
1985,Vegetables for canning,Pounds,Mushrooms,237.468,160.752,273.874536,,434.626536,1.038777504,,433.5877585,,1.82587868
1986,Vegetables for canning,Pounds,Mushrooms,239.638,157.094,297.932492,,455.026492,0.399653914,,454.6268381,,1.897140012
1987,Vegetables for canning,Pounds,Mushrooms,241.784,162.924,239.0129628,,401.9369628,1.050563198,,400.8863996,,1.65803527
1988,Vegetables for canning,Pounds,Mushrooms,243.981,183.084,198.719509,,381.803509,1.678930016,,380.124579,,1.558008939
1989,Vegetables for canning,Pounds,Mushrooms,246.224,203.088,189.8585983,,392.9465983,12.7096799,,380.2369184,,1.544272363
1990,Vegetables for canning,Pounds,Mushrooms,248.659,237.23,205.2017711,,442.4317711,14.63180438,,427.7999667,,1.720428244
1991,Vegetables for canning,Pounds,Mushrooms,251.889,249.873,210.4017661,,460.2747661,18.3892267,,441.8855394,,1.754286767
1992,Vegetables for canning,Pounds,Mushrooms,255.214,253.976,203.4935337,,457.4695337,22.5195935,,434.9499402,,1.704255802
1993,Vegetables for canning,Pounds,Mushrooms,258.679,233.963,233.8470399,,467.8100399,14.86568898,,452.9443509,,1.750990034
1994,Vegetables for canning,Pounds,Mushrooms,261.919,250.108,293.0887313,,543.1967313,8.92601924,,534.2707121,,2.039831826
1995,Vegetables for canning,Pounds,Mushrooms,265.044,240.746,234.2232304,,474.9692304,9.46816426,,465.5010662,,1.756316182
1996,Vegetables for canning,Pounds,Mushrooms,268.151,222.897,279.8154524,,502.7124524,7.61731916,,495.0951332,,1.846329617
1997,Vegetables for canning,Pounds,Mushrooms,271.36,187.141,276.2489379,,463.3899379,9.29348612,,454.0964518,,1.673409684
1998,Vegetables for canning,Pounds,Mushrooms,274.626,189.927,206.5023463,,396.4293463,8.52164972,,387.9076965,,1.412494434
1999,Vegetables for canning,Pounds,Mushrooms,277.79,185.853,269.690495,,455.543495,14.19772882,,441.3457661,,1.588774852
2000,Vegetables for canning,Pounds,Mushrooms,280.976,153.579,280.1437489,,433.7227489,12.73123714,,420.9915118,,1.498318404
2001,Vegetables for canning,Pounds,Mushrooms,283.920402,141.139,257.2189829,,398.3579829,12.7859116,,385.5720713,,1.35802876
2002,Vegetables for canning,Pounds,Mushrooms,286.78756,139.15,304.2955605,,443.4455605,13.26604778,,430.1795127,,1.499993628
2003,Vegetables for canning,Pounds,Mushrooms,289.517581,137.666,326.4020005,,464.0680005,22.10847652,,441.959524,,1.526537775
2004,Vegetables for canning,Pounds,Mushrooms,292.19189,141.764,326.4893792,,468.2533792,10.3254998,,457.9278794,,1.567216254
2005,Vegetables for canning,Pounds,Mushrooms,294.914085,129.093,268.3211698,,397.4141698,9.1964781,,388.2176917,,1.316375553
2006,Vegetables for canning,Pounds,Mushrooms,297.646557,117.14,336.52663,,453.66663,10.97123322,,442.6953968,,1.487319058
2007,Vegetables for canning,Pounds,Mushrooms,300.574481,117.662,335.4362291,,453.0982291,18.87254644,,434.2256827,,1.444652524
2008,Vegetables for canning,Pounds,Mushrooms,303.506469,123.568,253.9944395,,377.5624395,16.6552306,,360.9072089,,1.18912526
2009,Vegetables for canning,Pounds,Mushrooms,306.207719,107.109,258.2371962,,365.3461962,14.09751226,,351.2486839,,1.147092846
2010,Vegetables for canning,Pounds,Mushrooms,308.833264,127.45,275.4076767,,402.8576767,13.53323582,,389.3244409,,1.260629881
2011,Vegetables for canning,Pounds,Mushrooms,311.042019,110.43,294.6776996,,405.1076996,13.31463237,,391.7930673,,1.259614597
2012,Vegetables for canning,Pounds,Mushrooms,313.286932,110.697,248.5638041,,359.2608041,17.12714956,,342.1336546,,1.092077644
2013,Vegetables for canning,Pounds,Mushrooms,315.525271,113.079,232.423798,,345.502798,15.79632372,,329.7064742,,1.044944746
2014,Vegetables for canning,Pounds,Mushrooms,317.756028,90.123,262.9772334,,353.1002334,16.36624828,,336.7339851,,1.059724932
2015,Vegetables for canning,Pounds,Mushrooms,320.092142,94.366,260.6556037,,355.0216037,19.8992846,,335.1223191,,1.046955783
1970,Vegetables for canning,Pounds,Green peas,205.052,599.8,8,,607.8,2.8,412.8,192.2,,0.937323216
1971,Vegetables for canning,Pounds,Green peas,207.661,660.5,9.4,412.8,1082.7,3.8,420,658.9,,3.172959776
1972,Vegetables for canning,Pounds,Green peas,209.896,656,12.2,420,1088.2,3.1,427.7,657.4,,3.13202729
1973,Vegetables for canning,Pounds,Green peas,211.909,590.4,9,427.7,1027.1,3.1,301.5,722.5,,3.409482372
1974,Vegetables for canning,Pounds,Green peas,213.854,682.2,9.5,301.5,993.2,3.8,378.2,611.2,,2.858024634
1975,Vegetables for canning,Pounds,Green peas,215.973,696.5,12,378.2,1086.7,7.8,472.1,606.8,,2.809610461
1976,Vegetables for canning,Pounds,Green peas,218.035,631,10.9,472.1,1114,4.5,484.2,625.3,,2.867888183
1977,Vegetables for canning,Pounds,Green peas,220.239,594.5,7.5,484.2,1086.2,5.6,409.6,671,,3.046690187
1978,Vegetables for canning,Pounds,Green peas,222.585,508.8,8.5,409.6,926.9,5,281.6,640.3,,2.876653863
1979,Vegetables for canning,Pounds,Green peas,225.055,737.2,10.8,281.6,1029.6,3.9,440.9,584.8,,2.598475928
1980,Vegetables for canning,Pounds,Green peas,227.726,602.7,8.5,440.9,1052.1,5.7,434.8,611.6,,2.685683672
1981,Vegetables for canning,Pounds,Green peas,229.966,542.4,8.3,434.8,985.5,5,353.3,627.2,,2.727359697
1982,Vegetables for canning,Pounds,Green peas,232.188,531.2,7.8,353.3,892.3,4.6,311.5,576.2,,2.48160973
1983,Vegetables for canning,Pounds,Green peas,234.307,441.8,11.9,311.5,765.2,3.8,203.7,557.7,,2.380210578
1984,Vegetables for canning,Pounds,Green peas,236.348,498.1,22.8,203.7,724.6,3.1,238.5,483,,2.04359673
1985,Vegetables for canning,Pounds,Green peas,238.466,591.1,18.8,238.5,848.4,2.3,356.7,489.4,,2.052284183
1986,Vegetables for canning,Pounds,Green peas,240.651,432.5,14.9,356.7,804.1,2.6,278.1,523.4,,2.174933825
1987,Vegetables for canning,Pounds,Green peas,242.804,452.3,17.4,278.1,747.8,2.6,256.4,488.8,,2.013146406
1988,Vegetables for canning,Pounds,Green peas,245.021,253.5,32.4,256.4,542.3,2.2,111.3,428.8,,1.750054077
1989,Vegetables for canning,Pounds,Green peas,247.342,494.1,38.6,111.3,644,4.9,210.5,428.6,,1.732823378
1990,Vegetables for canning,Pounds,Green peas,250.132,473,19.9,210.5,703.4,4.6,211.4,487.4,,1.948571154
1991,Vegetables for canning,Pounds,Green peas,253.493,440.8,22.6,211.4,674.8,10.9,180.3,483.6,,1.907744987
1992,Vegetables for canning,Pounds,Green peas,256.894,599.7,18,180.3,798,12.6,245.3,540.1,,2.102423568
1993,Vegetables for canning,Pounds,Green peas,260.255,277.3,17.3,245.3,539.9,12.7,113.4,413.8,,1.589979059
1994,Vegetables for canning,Pounds,Green peas,263.436,429,20.1,113.4,562.5,8.3,175.5,378.7,,1.437540807
1995,Vegetables for canning,Pounds,Green peas,266.557,401.8,15.7,175.5,593,12.4,164.3,416.3,,1.561767277
1996,Vegetables for canning,Pounds,Green peas,269.667,398.3,11.9,164.3,574.5,11.7,162.9,399.9,,1.482940071
1997,Vegetables for canning,Pounds,Green peas,272.912,407.9,17.6,162.9,588.4,18.9,166.8,402.7,,1.475567216
1998,Vegetables for canning,Pounds,Green peas,276.115,386.9,21.7,166.8,575.4,17.8,158.2,399.4,,1.446498741
1999,Vegetables for canning,Pounds,Green peas,279.295,372.9,26.2,158.2,557.3,9.9,152.5,394.9,,1.413917184
2000,Vegetables for canning,Pounds,Green peas,282.385,446.72,26.78857042,152.5,626.0085704,11.84186089,178.688,435.4787095,,1.542145332
2001,Vegetables for canning,Pounds,Green peas,285.309019,311.6,28.08699564,178.688,518.3749956,6.16097649,124.64,387.5740192,,1.358435918
2002,Vegetables for canning,Pounds,Green peas,288.104818,275.4,29.96795904,124.64,430.007959,4.530211888,110.16,315.3177472,,1.09445496
2003,Vegetables for canning,Pounds,Green peas,290.819634,418.18,27.98504542,110.16,556.3250454,6.600192272,167.272,382.4528531,,1.315086082
2004,Vegetables for canning,Pounds,Green peas,293.463185,277.1,32.50426172,167.272,476.8762617,4.936821512,110.84,361.0994402,,1.230476116
2005,Vegetables for canning,Pounds,Green peas,296.186216,300.18,50.57668863,110.84,461.5966886,22.275615,120.072,319.2490736,,1.077866073
2006,Vegetables for canning,Pounds,Green peas,298.995825,317.66,60.07919875,120.072,497.8111988,22.34021875,127.064,348.40698,,1.165257007
2007,Vegetables for canning,Pounds,Green peas,302.003917,316.96,56.4260525,127.064,500.4500525,12.64635665,126.784,361.0196959,,1.195413952
2008,Vegetables for canning,Pounds,Green peas,304.797761,287.12,65.1876785,126.784,479.0916785,18.39869755,114.848,345.844981,,1.134670346
2009,Vegetables for canning,Pounds,Green peas,307.439406,380.8,76.405474,114.848,572.053474,15.66736076,152.32,404.0661132,,1.314295127
2010,Vegetables for canning,Pounds,Green peas,309.76667,250.14,67.30478335,152.32,469.7647834,16.78109069,100.056,352.9276927,,1.139333979
2011,Vegetables for canning,Pounds,Green peas,312.138672,188.08,45.22117922,100.056,333.3571792,15.30232529,75.232,242.8228539,,0.777932617
2012,Vegetables for canning,Pounds,Green peas,314.334945,260.74,34.25223846,75.232,370.2242385,15.29059396,104.296,250.6376445,,0.797358514
2013,Vegetables for canning,Pounds,Green peas,316.505959,248,36.2194953,104.296,388.5154953,13.53049149,99.2,275.7850038,,0.871342216
2014,Vegetables for canning,Pounds,Green peas,318.839403,237.42,31.04274716,99.2,367.6627472,37.9341385,94.968,234.7606087,,0.736297354
2015,Vegetables for canning,Pounds,Green peas,321.132158,337.98,29.24871731,94.968,462.1967173,56.13304093,135.192,270.8716764,,0.843489727
1970,Vegetables for canning,Pounds,Chile peppers,205.052,,,,,,,,,
1971,Vegetables for canning,Pounds,Chile peppers,207.661,,,,,,,,,
1972,Vegetables for canning,Pounds,Chile peppers,209.896,,,,,,,,,
1973,Vegetables for canning,Pounds,Chile peppers,211.909,,,,,,,,,
1974,Vegetables for canning,Pounds,Chile peppers,213.854,,,,,,,,,
1975,Vegetables for canning,Pounds,Chile peppers,215.973,,,,,,,,,
1976,Vegetables for canning,Pounds,Chile peppers,218.035,,,,,,,,,
1977,Vegetables for canning,Pounds,Chile peppers,220.239,,,,,,,,,
1978,Vegetables for canning,Pounds,Chile peppers,222.585,,,,,,,,,
1979,Vegetables for canning,Pounds,Chile peppers,225.055,,,,,,,,,
1980,Vegetables for canning,Pounds,Chile peppers,227.726,491.5,209,,700.5,6.1,,694.4,,3.049278519
1981,Vegetables for canning,Pounds,Chile peppers,229.966,544.9,213.8,,758.7,7.3,,751.4,,3.267439535
1982,Vegetables for canning,Pounds,Chile peppers,232.188,486.4,230,,716.4,7.2,,709.2,,3.054421417
1983,Vegetables for canning,Pounds,Chile peppers,234.307,517.5,266,,783.5,8.1,,775.4,,3.309333481
1984,Vegetables for canning,Pounds,Chile peppers,236.348,536,325.6,,861.6,7.4,,854.2,,3.614162168
1985,Vegetables for canning,Pounds,Chile peppers,238.466,578.7,361.5,,940.2,7.7,,932.5,,3.910410708
1986,Vegetables for canning,Pounds,Chile peppers,240.651,653.2,359.8,,1013,8.3,,1004.7,,4.174925515
1987,Vegetables for canning,Pounds,Chile peppers,242.804,661.8,356.8,,1018.6,7.3,,1011.3,,4.16508789
1988,Vegetables for canning,Pounds,Chile peppers,245.021,677.6,387.6,,1065.2,8.1,,1057.1,,4.314324078
1989,Vegetables for canning,Pounds,Chile peppers,247.342,726.1,416.8,,1142.9,28.9,,1114,,4.503885309
1990,Vegetables for canning,Pounds,Chile peppers,250.132,797.5,463.7,,1261.2,52.8,,1208.4,,4.831049206
1991,Vegetables for canning,Pounds,Chile peppers,253.493,785.8,421,,1206.8,62.8,,1144,,4.512945131
1992,Vegetables for canning,Pounds,Chile peppers,256.894,918.7,592.1,,1510.8,76.7,,1434.1,,5.582458134
1993,Vegetables for canning,Pounds,Chile peppers,260.255,813.9,541.2,,1355.1,80.6,,1274.5,,4.897120132
1994,Vegetables for canning,Pounds,Chile peppers,263.436,652.3,506.8,,1159.1,77.9,,1081.2,,4.104222657
1995,Vegetables for canning,Pounds,Chile peppers,266.557,529.4,552.2,,1081.6,59.6,,1022,,3.834076764
1996,Vegetables for canning,Pounds,Chile peppers,269.667,624.6,712.6,,1337.2,61.6,,1275.6,,4.730278455
1997,Vegetables for canning,Pounds,Chile peppers,272.912,646.9,673.4,,1320.3,68.7,,1251.6,,4.586093686
1998,Vegetables for canning,Pounds,Chile peppers,276.115,633.7,764.1,,1397.8,84,,1313.8,,4.75816236
1999,Vegetables for canning,Pounds,Chile peppers,279.295,523.4,874.2,,1397.6,83.6,,1314,,4.704702913
2000,Vegetables for canning,Pounds,Chile peppers,282.385,653.9,910.4449813,,1564.344981,109.0630269,,1455.281954,,5.153538447
2001,Vegetables for canning,Pounds,Chile peppers,285.309019,589.92,1029.633729,,1619.553729,141.9832565,,1477.570472,,5.178842497
2002,Vegetables for canning,Pounds,Chile peppers,288.104818,624.4,1177.041938,,1801.441938,122.7838411,,1678.658097,,5.826553366
2003,Vegetables for canning,Pounds,Chile peppers,290.819634,576.76,1194.953504,,1771.713504,140.3438881,,1631.369616,,5.609558038
2004,Vegetables for canning,Pounds,Chile peppers,293.463185,651.1,1276.416608,,1927.516608,130.3188667,,1797.197741,,6.124099488
2005,Vegetables for canning,Pounds,Chile peppers,296.186216,655.46,1249.904425,,1905.364425,112.9014718,,1792.462953,,6.051810841
2006,Vegetables for canning,Pounds,Chile peppers,298.995825,596.7,1387.445142,,1984.145142,83.2689529,,1900.876189,,6.357534219
2007,Vegetables for canning,Pounds,Chile peppers,302.003917,415.9,1404.107024,,1820.007024,51.3074361,,1768.699588,,5.856545191
2008,Vegetables for canning,Pounds,Chile peppers,304.797761,438.1,1492.427008,,1930.527008,43.42554719,,1887.10146,,6.191323237
2009,Vegetables for canning,Pounds,Chile peppers,307.439406,512,1562.794951,,2074.794951,51.86976431,,2022.925187,,6.57991509
2010,Vegetables for canning,Pounds,Chile peppers,309.76667,449.9,1641.098231,,2090.998231,52.51019438,,2038.488037,,6.580721022
2011,Vegetables for canning,Pounds,Chile peppers,312.138672,407,1718.835608,,2125.835608,64.26339991,,2061.572208,,6.60466771
2012,Vegetables for canning,Pounds,Chile peppers,314.334945,453.1,1878.114602,,2331.214602,68.96795964,,2262.246643,,7.196930149
2013,Vegetables for canning,Pounds,Chile peppers,316.505959,445.3,1827.326281,,2272.626281,65.35958095,,2207.2667,,6.973855113
2014,Vegetables for canning,Pounds,Chile peppers,318.839403,482.7,1871.170707,,2353.870707,65.64325871,,2288.227448,,7.176739848
2015,Vegetables for canning,Pounds,Chile peppers,321.132158,423.4,1937.033243,,2360.433243,77.01396861,,2283.419274,,7.110528228
1970,Vegetables for canning,Pounds,Potatoes,205.052,402.65,,,402.65,,,402.65,,1.963648245
1971,Vegetables for canning,Pounds,Potatoes,207.661,440.35,,,440.35,,,440.35,,2.120523353
1972,Vegetables for canning,Pounds,Potatoes,209.896,443.55,,,443.55,,,443.55,,2.113189389
1973,Vegetables for canning,Pounds,Potatoes,211.909,475.45,,,475.45,,,475.45,,2.243651756
1974,Vegetables for canning,Pounds,Potatoes,213.854,491.05,,,491.05,,,491.05,,2.29619273
1975,Vegetables for canning,Pounds,Potatoes,215.973,431.7,,,431.7,,,431.7,,1.998860969
1976,Vegetables for canning,Pounds,Potatoes,218.035,424.6,,,424.6,,,424.6,,1.947393767
1977,Vegetables for canning,Pounds,Potatoes,220.239,487.25,,,487.25,,,487.25,,2.21236929
1978,Vegetables for canning,Pounds,Potatoes,222.585,503.05,,,503.05,,,503.05,,2.260035492
1979,Vegetables for canning,Pounds,Potatoes,225.055,475.85,,,475.85,,,475.85,,2.114372042
1980,Vegetables for canning,Pounds,Potatoes,227.726,438.85,,,438.85,,,438.85,,1.927096599
1981,Vegetables for canning,Pounds,Potatoes,229.966,410.8,,,410.8,,,410.8,,1.786351026
1982,Vegetables for canning,Pounds,Potatoes,232.188,437.55,,,437.55,,,437.55,,1.884464313
1983,Vegetables for canning,Pounds,Potatoes,234.307,435.5,,,435.5,,,435.5,,1.858672596
1984,Vegetables for canning,Pounds,Potatoes,236.348,427.6,,,427.6,,,427.6,,1.809196608
1985,Vegetables for canning,Pounds,Potatoes,238.466,450.2,,,450.2,,,450.2,,1.887900162
1986,Vegetables for canning,Pounds,Potatoes,240.651,434,,,434,,,434,,1.803441498
1987,Vegetables for canning,Pounds,Potatoes,242.804,432.6,,,432.6,,,432.6,,1.781683992
1988,Vegetables for canning,Pounds,Potatoes,245.021,476.4,,,476.4,,,476.4,,1.94432314
1989,Vegetables for canning,Pounds,Potatoes,247.342,498.4,0.920841444,,499.3208414,10.00301642,,489.317825,,1.978304635
1990,Vegetables for canning,Pounds,Potatoes,250.132,459.4666,2.425596,,461.892196,16.08841706,,445.8037789,,1.782274075
1991,Vegetables for canning,Pounds,Potatoes,253.493,447.6255,0.676263396,,448.3017634,17.08688858,,431.2148748,,1.701091844
1992,Vegetables for canning,Pounds,Potatoes,256.894,482.9152,1.340918096,,484.2561181,24.43542109,,459.820697,,1.789923848
1993,Vegetables for canning,Pounds,Potatoes,260.255,481.9607,1.494140412,,483.4548404,31.98742542,,451.467415,,1.734711783
1994,Vegetables for canning,Pounds,Potatoes,263.436,500.1637,1.636755396,,501.8004554,49.24878557,,452.5516698,,1.717880889
1995,Vegetables for canning,Pounds,Potatoes,266.557,567.2636,2.097136032,,569.360736,54.26383027,,515.0969058,,1.932408099
1996,Vegetables for canning,Pounds,Potatoes,269.667,534.2007,1.644702956,,535.845403,49.85416748,,485.9912355,,1.80219024
1997,Vegetables for canning,Pounds,Potatoes,272.912,514.4253,3.19938942,,517.6246894,49.42685701,,468.1978324,,1.715563377
1998,Vegetables for canning,Pounds,Potatoes,276.115,493.0153,4.016117304,,497.0314173,81.10215083,,415.9292665,,1.506362445
1999,Vegetables for canning,Pounds,Potatoes,279.295,526.3554,2.96914754,,529.3245475,43.33287797,,485.9916696,,1.740065771
2000,Vegetables for canning,Pounds,Potatoes,282.385,515.537,4.494014736,,520.0310147,44.93602086,,475.0949939,,1.682437077
2001,Vegetables for canning,Pounds,Potatoes,285.309019,474.0542,6.717278616,,480.7714786,36.43586285,,444.3356158,,1.5573837
2002,Vegetables for canning,Pounds,Potatoes,288.104818,452.3971,12.98425406,,465.3813541,60.77416845,,404.6071856,,1.404374937
2003,Vegetables for canning,Pounds,Potatoes,290.819634,454.6821,9.120192228,,463.8022922,61.57973435,,402.2225579,,1.383065347
2004,Vegetables for canning,Pounds,Potatoes,293.463185,402.8955,11.40079952,,414.2962995,58.27701265,,356.0192869,,1.213165075
2005,Vegetables for canning,Pounds,Potatoes,296.186216,342.8729,17.31661595,,360.1895159,84.82506026,,275.3644557,,0.929700441
2006,Vegetables for canning,Pounds,Potatoes,298.995825,299.6621,19.26972534,,318.9318253,87.58750757,,231.3443178,,0.773737619
2007,Vegetables for canning,Pounds,Potatoes,302.003917,311.3367,20.41029623,,331.7469962,66.3997363,,265.3472599,,0.878621915
2008,Vegetables for canning,Pounds,Potatoes,304.797761,306.6264,50.58365987,,357.2100599,72.26846085,,284.941599,,0.934854633
2009,Vegetables for canning,Pounds,Potatoes,307.439406,273.4537,74.18564803,,347.639348,89.01612362,,258.6232244,,0.841216901
2010,Vegetables for canning,Pounds,Potatoes,309.76667,257.7781,77.16643032,,334.9445303,110.5202774,,224.4242529,,0.724494513
2011,Vegetables for canning,Pounds,Potatoes,312.138672,237.2118,88.78410768,,325.9959077,109.5469422,,216.4489655,,0.693438477
2012,Vegetables for canning,Pounds,Potatoes,314.334945,241.5909,115.2653437,,356.8562437,108.9896839,,247.8665598,,0.788542807
2013,Vegetables for canning,Pounds,Potatoes,316.505959,183.4399,104.2664684,,287.7063684,112.6806928,,175.0256757,,0.552993303
2014,Vegetables for canning,Pounds,Potatoes,318.839403,127.4977,90.01510944,,217.5128094,110.8081264,,106.7046831,,0.334665923
2015,Vegetables for canning,Pounds,Potatoes,321.132158,126.1655,98.51077908,,224.6762791,124.8397826,,99.83649644,,0.310889128
1970,Vegetables for canning,Pounds,Spinach,205.052,148.9,,83,231.9,,65.8,166.1,,0.810038429
1971,Vegetables for canning,Pounds,Spinach,207.661,157.1,,65.8,222.9,,67.6,155.3,,0.747853473
1972,Vegetables for canning,Pounds,Spinach,209.896,157.5,,67.6,225.1,,68.1,157,,0.747989481
1973,Vegetables for canning,Pounds,Spinach,211.909,157.8,,68.1,225.9,,58,167.9,,0.792321232
1974,Vegetables for canning,Pounds,Spinach,213.854,148.7,,58,206.7,,86.6,120.1,,0.5615981
1975,Vegetables for canning,Pounds,Spinach,215.973,181.5,,86.6,268.1,,111.7,156.4,,0.724164595
1976,Vegetables for canning,Pounds,Spinach,218.035,158.3,,111.7,270,,83.7,186.3,,0.854449974
1977,Vegetables for canning,Pounds,Spinach,220.239,128,,83.7,211.7,,70.9,140.8,,0.639305482
1978,Vegetables for canning,Pounds,Spinach,222.585,125.3,,70.9,196.2,1.40398295,52.7916,142.0044171,,0.637978377
1979,Vegetables for canning,Pounds,Spinach,225.055,105.84,,52.7916,158.6316,0.798172146,53.502,104.3314279,,0.463581915
1980,Vegetables for canning,Pounds,Spinach,227.726,148.16,,53.502,201.662,0.308579447,73.8372,127.5162206,,0.559954597
1981,Vegetables for canning,Pounds,Spinach,229.966,114.22,,73.8372,188.0572,0.981465743,68.376,118.6997343,,0.516162103
1982,Vegetables for canning,Pounds,Spinach,232.188,94.55576073,,68.376,162.9317607,0.441689579,67,95.49007115,,0.41126187
1983,Vegetables for canning,Pounds,Spinach,234.307,67.93706489,,,67.93706489,0.248253614,,67.68881128,,0.288889411
1984,Vegetables for canning,Pounds,Spinach,236.348,79.7226272,,,79.7226272,0.31197414,,79.41065306,,0.335990375
1985,Vegetables for canning,Pounds,Spinach,238.466,103.6090832,,,103.6090832,0.230998082,,103.3780851,,0.433512891
1986,Vegetables for canning,Pounds,Spinach,240.651,83.56210235,,,83.56210235,0.215989126,,83.34611323,,0.346336035
1987,Vegetables for canning,Pounds,Spinach,242.804,80.05600212,,,80.05600212,0.201540324,,79.85446179,,0.328884457
1988,Vegetables for canning,Pounds,Spinach,245.021,84.61641487,,,84.61641487,0.484971778,,84.13144309,,0.343364214
1989,Vegetables for canning,Pounds,Spinach,247.342,83.11726281,,,83.11726281,0.488921995,,82.62834081,,0.334065144
1990,Vegetables for canning,Pounds,Spinach,250.132,89.97042059,,,89.97042059,,,89.97042059,,0.359691765
1991,Vegetables for canning,Pounds,Spinach,253.493,85.46593272,,,85.46593272,,,85.46593272,,0.337153029
1992,Vegetables for canning,Pounds,Spinach,256.894,89.84,,,89.84,,,89.84,,0.349716225
1993,Vegetables for canning,Pounds,Spinach,260.255,115.74,,,115.74,,,115.74,,0.444717681
1994,Vegetables for canning,Pounds,Spinach,263.436,128.68,,,128.68,,,128.68,,0.488467787
1995,Vegetables for canning,Pounds,Spinach,266.557,120,,,120,,,120,,0.450185139
1996,Vegetables for canning,Pounds,Spinach,269.667,118.6,,,118.6,,,118.6,,0.439801681
1997,Vegetables for canning,Pounds,Spinach,272.912,82.36,,,82.36,,,82.36,,0.301782259
1998,Vegetables for canning,Pounds,Spinach,276.115,84.12,,,84.12,,,84.12,,0.304655669
1999,Vegetables for canning,Pounds,Spinach,279.295,81.6,,,81.6,,,81.6,,0.292164199
2000,Vegetables for canning,Pounds,Spinach,282.385,63.4,,,63.4,,,63.4,,0.224516175
2001,Vegetables for canning,Pounds,Spinach,285.309019,40.1,,,40.1,,,40.1,,0.14054936
2002,Vegetables for canning,Pounds,Spinach,288.104818,19.98,,,19.98,,,19.98,,0.06934976
2003,Vegetables for canning,Pounds,Spinach,290.819634,24.4,,,24.4,,,24.4,,0.0839008
2004,Vegetables for canning,Pounds,Spinach,293.463185,21.6,,,21.6,,,21.6,,0.073603781
2005,Vegetables for canning,Pounds,Spinach,296.186216,17.7,,,17.7,,,17.7,,0.059759702
2006,Vegetables for canning,Pounds,Spinach,298.995825,8.4,,,8.4,,,8.4,,0.028094038
2007,Vegetables for canning,Pounds,Spinach,302.003917,29.4,,,29.4,,,29.4,,0.097349731
2008,Vegetables for canning,Pounds,Spinach,304.797761,27,,,27,,,27,,0.088583328
2009,Vegetables for canning,Pounds,Spinach,307.439406,19.2,,,19.2,,,19.2,,0.062451331
2010,Vegetables for canning,Pounds,Spinach,309.76667,15.2,,,15.2,,,15.2,,0.049069191
2011,Vegetables for canning,Pounds,Spinach,312.138672,35.2,,,35.2,,,35.2,,0.112770391
2012,Vegetables for canning,Pounds,Spinach,314.334945,39.6,,,39.6,,,39.6,,0.125980266
2013,Vegetables for canning,Pounds,Spinach,316.505959,44,,,44,,,44,,0.13901792
2014,Vegetables for canning,Pounds,Spinach,318.839403,44,,,44,,,44,,0.138000509
2015,Vegetables for canning,Pounds,Spinach,321.132158,48,,,48,,,48,,0.149471172
1970,Vegetables for canning,Pounds,Tomatoes,205.052,11017.9,696,9655,21368.9,104.6,8527.9,12736.4,,62.11302499
1971,Vegetables for canning,Pounds,Tomatoes,207.661,11031.1,698.6,8527.9,20257.6,82.9,5987.9,14186.8,,68.31711299
1972,Vegetables for canning,Pounds,Tomatoes,209.896,11607.4,932.1,5987.9,18527.4,95.9,4815.6,13615.9,,64.86974502
1973,Vegetables for canning,Pounds,Tomatoes,211.909,11869.1,803,4815.6,17487.7,271.1,4835.8,12380.8,,58.42507869
1974,Vegetables for canning,Pounds,Tomatoes,213.854,14039.7,348.2,4835.8,19223.7,335.1,5773.3,13115.3,,61.32828939
1975,Vegetables for canning,Pounds,Tomatoes,215.973,17007.5,253,5773.3,23033.8,210.1,9447.1,13376.6,,61.93644576
1976,Vegetables for canning,Pounds,Tomatoes,218.035,12943.5,415.2,9447.1,22805.8,249.4,8242.1,14314.3,,65.65138625
1977,Vegetables for canning,Pounds,Tomatoes,220.239,15558.3,466.1,8242.1,24266.5,256,10186.2,13824.3,,62.76953673
1978,Vegetables for canning,Pounds,Tomatoes,222.585,12735.4,415.3,10186.2,23336.9,313.4,9782.8,13097.6,,58.84313858
1979,Vegetables for canning,Pounds,Tomatoes,225.055,14659,308.3,9782.8,24750.1,389,9746.4,14470.9,,64.29939348
1980,Vegetables for canning,Pounds,Tomatoes,227.726,12421.2,205.6,9746.4,22373.2,333.3,7442.1,14486.3,,63.61285053
1981,Vegetables for canning,Pounds,Tomatoes,229.966,11432.3,534.8,7442.1,19409.2,341,5315.3,13641.4,,59.31920371
1982,Vegetables for canning,Pounds,Tomatoes,232.188,14598,1405.9,5315.3,21319.2,290.8,7002.9,13959.3,,60.12067807
1983,Vegetables for canning,Pounds,Tomatoes,234.307,14059.7,1239.8,7002.9,22302.4,262.5,7706.6,14279.8,,60.94482879
1984,Vegetables for canning,Pounds,Tomatoes,236.348,15362.3,1274.1,7706.6,24343,226.8,7869.6,16192.3,,68.51041684
1985,Vegetables for canning,Pounds,Tomatoes,238.466,14354.3,1055.9,7869.6,23279.8,192.6,7971.8,15078.3,,63.23039762
1986,Vegetables for canning,Pounds,Tomatoes,240.651,14796.9,1118.9,7971.8,23887.6,207.3,8295.2,15309.2,,63.61577554
1987,Vegetables for canning,Pounds,Tomatoes,242.804,15215.4,883.3,8295.2,24393.9,230.6,8262,15831.2,,65.20156175
1988,Vegetables for canning,Pounds,Tomatoes,245.021,14819.8,892.3,8262,23974.1,326.3,8536.2,15017.6,,61.29107301
1989,Vegetables for canning,Pounds,Tomatoes,247.342,18968.9,1499.1,8536.2,29004.2,489,11350.4,17164.8,,69.39702921
1990,Vegetables for canning,Pounds,Tomatoes,250.132,20710.5,1069.5,11350.4,33130.4,789,13503.3,18838.1,,75.31263493
1991,Vegetables for canning,Pounds,Tomatoes,253.493,21746,761.7,13503.3,36011,975.3,15489.1,19546.6,,77.1090326
1992,Vegetables for canning,Pounds,Tomatoes,256.894,17554.9,450,15489.1,33494,1571.5,13088.2,18834.3,,73.31545307
1993,Vegetables for canning,Pounds,Tomatoes,260.255,19353.3,555.7,13088.2,32997.2,1700.5,11575.8,19720.9,,75.7752973
1994,Vegetables for canning,Pounds,Tomatoes,263.436,23079.4,858.5,11575.8,35513.7,1856.5,13562.2,20095,,76.28038689
1995,Vegetables for canning,Pounds,Tomatoes,266.557,22570,703.6,13562.2,36835.8,2015.9,14944.7,19875.2,,74.5626639
1996,Vegetables for canning,Pounds,Tomatoes,269.667,22814.6,482.8,14944.7,38242.1,2202.9,16338.4,19700.8,,73.05602836
1997,Vegetables for canning,Pounds,Tomatoes,272.912,19946.5,706,16338.4,36990.9,2671.5,14513.6,19805.8,,72.57211116
1998,Vegetables for canning,Pounds,Tomatoes,276.115,18804,931.1,14513.6,34248.7,2476.2,11331.8,20440.7,,74.02966155
1999,Vegetables for canning,Pounds,Tomatoes,279.295,25672,1339.6,11331.8,38343.4,2202.8,16261.6,19879,,71.17563866
2000,Vegetables for canning,Pounds,Tomatoes,282.385,21716.48,591.4180483,16261.6,38569.49805,2231.269977,16531.94667,19806.2814,,70.13928291
2001,Vegetables for canning,Pounds,Tomatoes,285.309019,18497.44,1106.875809,16531.94667,36136.26248,2410.358184,15029.71767,18696.18663,,65.52960257
2002,Vegetables for canning,Pounds,Tomatoes,288.104818,23341.64,1516.724086,15029.71767,39888.08175,2458.251232,17453.57567,19976.25485,,69.33676081
2003,Vegetables for canning,Pounds,Tomatoes,290.819634,19639.42,1152.794312,17453.57567,38245.78998,2935.593143,15003.082,20307.11484,,69.82717967
2004,Vegetables for canning,Pounds,Tomatoes,293.463185,24532.82,1282.717224,15003.082,40818.61922,2989.809266,17129.304,20699.50596,,70.5352733
2005,Vegetables for canning,Pounds,Tomatoes,296.186216,20386.24,1307.59772,17129.304,38823.14172,2985.853261,14006.24,21831.04846,,73.70717231
2006,Vegetables for canning,Pounds,Tomatoes,298.995825,21223.64,1697.645398,14006.24,36927.5254,3054.278697,14585.202,19288.0447,,64.50941147
2007,Vegetables for canning,Pounds,Tomatoes,302.003917,25319.78,1739.992223,14585.202,41644.97422,2849.034556,18050,20745.93967,,68.69427348
2008,Vegetables for canning,Pounds,Tomatoes,304.797761,24611.64,1338.179119,18050,43999.81912,5460.721395,18084,20455.09772,,67.11039365
2009,Vegetables for canning,Pounds,Tomatoes,307.439406,27941.12,1386.019865,18084,47411.13987,4459.613252,21346,21605.52661,,70.27572325
2010,Vegetables for canning,Pounds,Tomatoes,309.76667,25552.56,1326.583487,21346,48225.14349,4766.688064,21542,21916.45542,,70.75149635
2011,Vegetables for canning,Pounds,Tomatoes,312.138672,24792.3,1248.666456,21542,47582.96646,6152.157236,20916,20514.80922,,65.72338214
2012,Vegetables for canning,Pounds,Tomatoes,314.334945,26357.5,1188.086435,20916,48461.58644,6083.021485,21472,20906.56495,,66.51047007
2013,Vegetables for canning,Pounds,Tomatoes,316.505959,25263,1209.865216,21472,47944.86522,7723.773236,19352,20869.09198,,65.93585803
2014,Vegetables for canning,Pounds,Tomatoes,318.839403,29274.6,1203.025689,19352,49829.62569,8541.194877,19828,21460.43081,,67.30796323
2015,Vegetables for canning,Pounds,Tomatoes,321.132158,29508.7,1352.753955,19828,50689.45396,8059.525263,24554,18075.92869,,56.28813011
1970,Vegetables for canning,Pounds,Other vegetables for canning ,205.052,,,,,,,,,
1971,Vegetables for canning,Pounds,Other vegetables for canning ,207.661,,,,,,,,,
1972,Vegetables for canning,Pounds,Other vegetables for canning ,209.896,,,,,,,,,
1973,Vegetables for canning,Pounds,Other vegetables for canning ,211.909,,,,,,,,,
1974,Vegetables for canning,Pounds,Other vegetables for canning ,213.854,,,,,,,,,
1975,Vegetables for canning,Pounds,Other vegetables for canning ,215.973,,,,,,,,,
1976,Vegetables for canning,Pounds,Other vegetables for canning ,218.035,,,,,,,,,
1977,Vegetables for canning,Pounds,Other vegetables for canning ,220.239,,,,,,,,,
1978,Vegetables for canning,Pounds,Other vegetables for canning ,222.585,,,,,,,,,
1979,Vegetables for canning,Pounds,Other vegetables for canning ,225.055,,,,,,,,,
1980,Vegetables for canning,Pounds,Other vegetables for canning ,227.726,,,,,,,,,
1981,Vegetables for canning,Pounds,Other vegetables for canning ,229.966,,,,,,,,,
1982,Vegetables for canning,Pounds,Other vegetables for canning ,232.188,,,,,,,,,
1983,Vegetables for canning,Pounds,Other vegetables for canning ,234.307,,,,,,,,,
1984,Vegetables for canning,Pounds,Other vegetables for canning ,236.348,,,,,,,,,
1985,Vegetables for canning,Pounds,Other vegetables for canning ,238.466,,,,,,,,,
1986,Vegetables for canning,Pounds,Other vegetables for canning ,240.651,,,,,,,,,
1987,Vegetables for canning,Pounds,Other vegetables for canning ,242.804,,,,,,,,,
1988,Vegetables for canning,Pounds,Other vegetables for canning ,245.021,,,,,,,,,
1989,Vegetables for canning,Pounds,Other vegetables for canning ,247.342,,,,,,,,,
1990,Vegetables for canning,Pounds,Other vegetables for canning ,250.132,,292.7,,292.7,70.8,,221.9,,0.887131595
1991,Vegetables for canning,Pounds,Other vegetables for canning ,253.493,,349.341259,,349.341259,98.383055,,250.958204,,0.990001081
1992,Vegetables for canning,Pounds,Other vegetables for canning ,256.894,,344.150168,,344.150168,164.747719,,179.402449,,0.698352472
1993,Vegetables for canning,Pounds,Other vegetables for canning ,260.255,,345.276773,,345.276773,150.211398,,195.065375,,0.749516935
1994,Vegetables for canning,Pounds,Other vegetables for canning ,263.436,,380.298411,,380.298411,148.158126,,232.140285,,0.881203082
1995,Vegetables for canning,Pounds,Other vegetables for canning ,266.557,,350.475657,,350.475657,167.615549,,182.860108,,0.686008966
1996,Vegetables for canning,Pounds,Other vegetables for canning ,269.667,,395.023933,,395.023933,170.283096,,224.740837,,0.833402886
1997,Vegetables for canning,Pounds,Other vegetables for canning ,272.912,,473.4702617,,473.4702617,197.771868,,275.6983937,,1.010214947
1998,Vegetables for canning,Pounds,Other vegetables for canning ,276.115,,510.144295,,510.144295,222.274568,,287.869727,,1.042574862
1999,Vegetables for canning,Pounds,Other vegetables for canning ,279.295,,576.077516,,576.077516,208.756759,,367.320757,,1.314878326
2000,Vegetables for canning,Pounds,Other vegetables for canning ,282.385,,623.478832,,623.478832,186.288753,,437.190079,,1.54821222
2001,Vegetables for canning,Pounds,Other vegetables for canning ,285.309019,,721.490855,,721.490855,217.782223,,503.708632,,1.765478132
2002,Vegetables for canning,Pounds,Other vegetables for canning ,288.104818,,719.601741,,719.601741,243.482132,,476.119609,,1.652681275
2003,Vegetables for canning,Pounds,Other vegetables for canning ,290.819634,,699.232639,,699.232639,214.887951,,484.344688,,1.626749891
2004,Vegetables for canning,Pounds,Other vegetables for canning ,293.463185,,766.046861,,766.046861,194.052932,,571.993929,,1.905098723
2005,Vegetables for canning,Pounds,Other vegetables for canning ,296.186216,,820.9854024,,820.9854024,168.662673,,652.3227294,,2.151483881
2006,Vegetables for canning,Pounds,Other vegetables for canning ,298.995825,,783.89126,,783.89126,150.653982,,633.237278,,2.071414603
2007,Vegetables for canning,Pounds,Other vegetables for canning ,302.003917,,769.345957,,769.345957,148.197996,,621.147961,,2.009639037
2008,Vegetables for canning,Pounds,Other vegetables for canning ,304.797761,,769.241772,,769.241772,158.821024,,610.420748,,1.96087132
2009,Vegetables for canning,Pounds,Other vegetables for canning ,307.439406,,727.680005,,727.680005,177.1627193,,550.5172857,,1.750166606
2010,Vegetables for canning,Pounds,Other vegetables for canning ,309.76667,,811.768201,,811.768201,164.7372821,,647.0309189,,1.979128757
2011,Vegetables for canning,Pounds,Other vegetables for canning ,312.138672,,841.9000455,,841.9000455,195.4972266,,646.4028188,,1.912488971
2012,Vegetables for canning,Pounds,Other vegetables for canning ,314.334945,,857.3090074,,857.3090074,176.6255672,,680.6834402,,1.956256806
2013,Vegetables for canning,Pounds,Other vegetables for canning ,316.505959,,,,,,,,,1.923597345
2014,Vegetables for canning,Pounds,Other vegetables for canning ,318.839403,,,,,,,,,1.837151965
2015,Vegetables for canning,Pounds,Other vegetables for canning ,321.132158,,,,,,,,,2.179378914
